m1,variable,value
1.0,0_real,2.9691849478120664
1.0037537537537538,0_real,2.9689467103420197
1.0075075075075075,0_real,2.968707478768968
1.0112612612612613,0_real,2.9684672518470316
1.015015015015015,0_real,2.9682260283235298
1.0187687687687688,0_real,2.9679838069389
1.0225225225225225,0_real,2.9677405864267
1.0262762762762763,0_real,2.967496365513534
1.03003003003003,0_real,2.967251142919091
1.0337837837837838,0_real,2.96700491735605
1.0375375375375375,0_real,2.966757687530082
1.0412912912912913,0_real,2.966509452139805
1.045045045045045,0_real,2.966260209876772
1.0487987987987988,0_real,2.9660099594254214
1.0525525525525525,0_real,2.9657586994630396
1.0563063063063063,0_real,2.965506428659756
1.06006006006006,0_real,2.9652531456784823
1.0638138138138138,0_real,2.9649988491749104
1.0675675675675675,0_real,2.964743537797445
1.0713213213213213,0_real,2.9644872101871913
1.075075075075075,0_real,2.9642298649779217
1.0788288288288288,0_real,2.9639715007960357
1.0825825825825826,0_real,2.9637121162605364
1.0863363363363363,0_real,2.9634517099829756
1.09009009009009,0_real,2.963190280567452
1.0938438438438438,0_real,2.9629278266105485
1.0975975975975976,0_real,2.9626643467013087
1.1013513513513513,0_real,2.9623998394211988
1.105105105105105,0_real,2.9621343033440697
1.1088588588588588,0_real,2.961867737036145
1.1126126126126126,0_real,2.9616001390559354
1.1163663663663663,0_real,2.9613315079542772
1.12012012012012,0_real,2.9610618422742068
1.1238738738738738,0_real,2.960791140550998
1.1276276276276276,0_real,2.9605194013120837
1.1313813813813813,0_real,2.9602466230770412
1.135135135135135,0_real,2.9599728043575366
1.1388888888888888,0_real,2.959697943657307
1.1426426426426426,0_real,2.9594220394720923
1.1463963963963963,0_real,2.9591450902896455
1.15015015015015,0_real,2.9588670945896283
1.1539039039039038,0_real,2.958588050843643
1.1576576576576576,0_real,2.9583079575151325
1.1614114114114114,0_real,2.9580268130593916
1.165165165165165,0_real,2.9577446159234757
1.1689189189189189,0_real,2.9574613645462007
1.1726726726726726,0_real,2.957177057358094
1.1764264264264264,0_real,2.9568916927813476
1.1801801801801801,0_real,2.9566052692297786
1.1839339339339339,0_real,2.9563177851087765
1.1876876876876876,0_real,2.9560292388152876
1.1914414414414414,0_real,2.955739628737759
1.1951951951951951,0_real,2.9554489532560817
1.1989489489489489,0_real,2.9551572107415724
1.2027027027027026,0_real,2.9548643995569197
1.2064564564564564,0_real,2.9545705180561495
1.2102102102102101,0_real,2.9542755645845498
1.2139639639639639,0_real,2.953979537478677
1.2177177177177176,0_real,2.9536824350662583
1.2214714714714714,0_real,2.953384255666206
1.2252252252252251,0_real,2.9530849975885056
1.228978978978979,0_real,2.952784659134217
1.2327327327327327,0_real,2.9524832385954403
1.2364864864864864,0_real,2.952180734255207
1.2402402402402402,0_real,2.951877144387515
1.243993993993994,0_real,2.9515724672571784
1.2477477477477477,0_real,2.9512667011199154
1.2515015015015014,0_real,2.950959844222176
1.2552552552552552,0_real,2.950651894801151
1.259009009009009,0_real,2.950342851084735
1.2627627627627627,0_real,2.9500327112914526
1.2665165165165164,0_real,2.94972147363041
1.2702702702702702,0_real,2.9494091363012664
1.274024024024024,0_real,2.949095697494146
1.2777777777777777,0_real,2.948781155389643
1.2815315315315314,0_real,2.9484655081587263
1.2852852852852852,0_real,2.9481487539626903
1.289039039039039,0_real,2.947830890953135
1.2927927927927927,0_real,2.947511917271888
1.2965465465465464,0_real,2.9471918310509544
1.3003003003003002,0_real,2.94687063041248
1.304054054054054,0_real,2.946548313468665
1.3078078078078077,0_real,2.946224878321769
1.3115615615615615,0_real,2.9459003230639818
1.3153153153153152,0_real,2.9455746457774294
1.319069069069069,0_real,2.9452478445341033
1.3228228228228227,0_real,2.944919917395775
1.3265765765765765,0_real,2.9445908624139934
1.3303303303303302,0_real,2.9442606776299867
1.334084084084084,0_real,2.9439293610746153
1.3378378378378377,0_real,2.9435969107683357
1.3415915915915915,0_real,2.9432633247210997
1.3453453453453452,0_real,2.9429286009323548
1.349099099099099,0_real,2.942592737390936
1.3528528528528527,0_real,2.942255732075015
1.3566066066066065,0_real,2.9419175829520787
1.3603603603603602,0_real,2.9415782879788344
1.364114114114114,0_real,2.9412378451011367
1.3678678678678677,0_real,2.9408962522539595
1.3716216216216215,0_real,2.9405535073613374
1.3753753753753752,0_real,2.940209608336265
1.379129129129129,0_real,2.939864553080671
1.3828828828828827,0_real,2.9395183394853435
1.3866366366366365,0_real,2.939170965429854
1.3903903903903903,0_real,2.938822428782524
1.394144144144144,0_real,2.938472727400331
1.3978978978978978,0_real,2.938121859128861
1.4016516516516517,0_real,2.9377698218022257
1.4054054054054055,0_real,2.937416613243017
1.4091591591591592,0_real,2.9370622312622308
1.412912912912913,0_real,2.9367066736592013
1.4166666666666667,0_real,2.9363499382215394
1.4204204204204205,0_real,2.935992022725028
1.4241741741741742,0_real,2.9356329249336266
1.427927927927928,0_real,2.9352726425993323
1.4316816816816818,0_real,2.934911173462127
1.4354354354354355,0_real,2.9345485152499453
1.4391891891891893,0_real,2.9341846656785586
1.442942942942943,0_real,2.9338196224515203
1.4466966966966968,0_real,2.9334533832600966
1.4504504504504505,0_real,2.9330859457831746
1.4542042042042043,0_real,2.9327173076872324
1.457957957957958,0_real,2.9323474666262097
1.4617117117117118,0_real,2.9319764202414733
1.4654654654654655,0_real,2.9316041661617316
1.4692192192192193,0_real,2.93123070200295
1.472972972972973,0_real,2.9308560253682865
1.4767267267267268,0_real,2.9304801338479987
1.4804804804804805,0_real,2.9301030250193794
1.4842342342342343,0_real,2.929724696446671
1.487987987987988,0_real,2.9293451456810082
1.4917417417417418,0_real,2.9289643702602994
1.4954954954954955,0_real,2.92858236770918
1.4992492492492493,0_real,2.928199135538895
1.503003003003003,0_real,2.92781467124727
1.5067567567567568,0_real,2.9274289723185802
1.5105105105105106,0_real,2.927042036223492
1.5142642642642643,0_real,2.9266538604189627
1.518018018018018,0_real,2.926264442348181
1.5217717717717718,0_real,2.9258737794404457
1.5255255255255256,0_real,2.9254818691111257
1.5292792792792793,0_real,2.9250887087615203
1.533033033033033,0_real,2.9246942957788225
1.5367867867867868,0_real,2.924298627535986
1.5405405405405406,0_real,2.9239017013916637
1.5442942942942943,0_real,2.9235035146901227
1.548048048048048,0_real,2.9231040647611293
1.5518018018018018,0_real,2.922703348919856
1.5555555555555556,0_real,2.9223013644668265
1.5593093093093093,0_real,2.9218981086878006
1.563063063063063,0_real,2.921493578853644
1.5668168168168168,0_real,2.9210877722203126
1.5705705705705706,0_real,2.9206806860286783
1.5743243243243243,0_real,2.9202723175044794
1.578078078078078,0_real,2.9198626638582112
1.5818318318318318,0_real,2.919451722285026
1.5855855855855856,0_real,2.9190394899646215
1.5893393393393394,0_real,2.9186259640611745
1.593093093093093,0_real,2.918211141723228
1.5968468468468469,0_real,2.917795020083533
1.6006006006006006,0_real,2.9173775962590494
1.6043543543543544,0_real,2.9169588673507505
1.6081081081081081,0_real,2.9165388304435726
1.6118618618618619,0_real,2.916117482606295
1.6156156156156156,0_real,2.9156948208914155
1.6193693693693694,0_real,2.915270842335067
1.6231231231231231,0_real,2.9148455439569085
1.6268768768768769,0_real,2.914418922759997
1.6306306306306306,0_real,2.9139909757306954
1.6343843843843844,0_real,2.9135616998385476
1.6381381381381381,0_real,2.913131092036177
1.6418918918918919,0_real,2.912699149259182
1.6456456456456456,0_real,2.9122658684259797
1.6493993993993994,0_real,2.911831246437755
1.6531531531531531,0_real,2.911395280178281
1.656906906906907,0_real,2.9109579665138465
1.6606606606606606,0_real,2.910519302293113
1.6644144144144144,0_real,2.9100792843470122
1.6681681681681682,0_real,2.9096379094886036
1.671921921921922,0_real,2.9091951745129814
1.6756756756756757,0_real,2.9087510761971203
1.6794294294294294,0_real,2.908305611299771
1.6831831831831832,0_real,2.9078587765613486
1.686936936936937,0_real,2.9074105687037513
1.6906906906906907,0_real,2.9069609844303175
1.6944444444444444,0_real,2.9065100204256042
1.6981981981981982,0_real,2.9060576733553374
1.701951951951952,0_real,2.905603939866227
1.7057057057057057,0_real,2.905148816585858
1.7094594594594594,0_real,2.904692300122557
1.7132132132132132,0_real,2.9042343870652543
1.716966966966967,0_real,2.9037750739833452
1.7207207207207207,0_real,2.9033143574265434
1.7244744744744744,0_real,2.9028522339247766
1.7282282282282282,0_real,2.9023886999879895
1.731981981981982,0_real,2.9019237521060735
1.7357357357357357,0_real,2.901457386748649
1.7394894894894894,0_real,2.900989600365002
1.7432432432432432,0_real,2.9005203893838525
1.746996996996997,0_real,2.900049750213288
1.7507507507507507,0_real,2.89957767924055
1.7545045045045045,0_real,2.899104172831927
1.7582582582582582,0_real,2.8986292273325853
1.762012012012012,0_real,2.8981528390664293
1.7657657657657657,0_real,2.897675004335924
1.7695195195195195,0_real,2.8971957194219646
1.7732732732732732,0_real,2.8967149805837007
1.777027027027027,0_real,2.8962327840583972
1.7807807807807807,0_real,2.895749126061272
1.7845345345345345,0_real,2.8952640027852947
1.7882882882882882,0_real,2.8947774104010735
1.792042042042042,0_real,2.8942893450566896
1.7957957957957957,0_real,2.8937998028774796
1.7995495495495495,0_real,2.893308779965923
1.8033033033033035,0_real,2.892816272401438
1.8070570570570572,0_real,2.8923222762402316
1.810810810810811,0_real,2.891826787515117
1.8145645645645647,0_real,2.891329802235343
1.8183183183183185,0_real,2.8908313163864054
1.8220720720720722,0_real,2.890331325929881
1.825825825825826,0_real,2.8898298268032425
1.8295795795795797,0_real,2.8893268149196905
1.8333333333333335,0_real,2.888822286167936
1.8370870870870872,0_real,2.8883162364120647
1.840840840840841,0_real,2.8878086614913006
1.8445945945945947,0_real,2.887299557219845
1.8483483483483485,0_real,2.8867889193866816
1.8521021021021022,0_real,2.8862767437553725
1.855855855855856,0_real,2.885763026063878
1.8596096096096097,0_real,2.8852477620243677
1.8633633633633635,0_real,2.8847309473229785
1.8671171171171173,0_real,2.8842125776196514
1.870870870870871,0_real,2.8836926485479326
1.8746246246246248,0_real,2.8831711557147433
1.8783783783783785,0_real,2.8826480947001887
1.8821321321321323,0_real,2.8821234610573345
1.885885885885886,0_real,2.8815972503120175
1.8896396396396398,0_real,2.8810694579626235
1.8933933933933935,0_real,2.8805400794798492
1.8971471471471473,0_real,2.8800091103065126
1.900900900900901,0_real,2.8794765458573206
1.9046546546546548,0_real,2.8789423815186606
1.9084084084084085,0_real,2.878406612648349
1.9121621621621623,0_real,2.8778692345754093
1.915915915915916,0_real,2.877330242599876
1.9196696696696698,0_real,2.8767896319925192
1.9234234234234235,0_real,2.8762473979946375
1.9271771771771773,0_real,2.875703535817805
1.930930930930931,0_real,2.8751580406436386
1.9346846846846848,0_real,2.87461090762356
1.9384384384384385,0_real,2.874062131878552
1.9421921921921923,0_real,2.8735117084988877
1.945945945945946,0_real,2.872959632543921
1.9496996996996998,0_real,2.8724058990417873
1.9534534534534536,0_real,2.8718505029892016
1.9572072072072073,0_real,2.871293439351141
1.960960960960961,0_real,2.8707347030606476
1.9647147147147148,0_real,2.870174289018494
1.9684684684684686,0_real,2.869612192092988
1.9722222222222223,0_real,2.8690484071196503
1.975975975975976,0_real,2.8684829289009643
1.9797297297297298,0_real,2.867915752206101
1.9834834834834836,0_real,2.8673468717706463
1.9872372372372373,0_real,2.866776282296284
1.990990990990991,0_real,2.8662039784505735
1.9947447447447448,0_real,2.8656299548665993
1.9984984984984986,0_real,2.865054206142724
2.0022522522522523,0_real,2.864476726842266
2.006006006006006,0_real,2.8638975114932315
2.00975975975976,0_real,2.863316554587972
2.0135135135135136,0_real,2.8627338505829334
2.0172672672672673,0_real,2.8621493938983082
2.021021021021021,0_real,2.8615631789177307
2.024774774774775,0_real,2.8609751999879798
2.0285285285285286,0_real,2.860385451418649
2.0322822822822824,0_real,2.8597939274818245
2.036036036036036,0_real,2.8592006224117696
2.03978978978979,0_real,2.858605530404569
2.0435435435435436,0_real,2.8580086456178604
2.0472972972972974,0_real,2.8574099621704043
2.051051051051051,0_real,2.856809474141839
2.054804804804805,0_real,2.8562071755722496
2.0585585585585586,0_real,2.855603060461913
2.0623123123123124,0_real,2.854997122770839
2.066066066066066,0_real,2.854389356418527
2.06981981981982,0_real,2.8537797552835205
2.0735735735735736,0_real,2.85316831320307
2.0773273273273274,0_real,2.8525550239727897
2.081081081081081,0_real,2.8519398813462544
2.084834834834835,0_real,2.85132287903462
2.0885885885885886,0_real,2.850704010706269
2.0923423423423424,0_real,2.850083269986402
2.096096096096096,0_real,2.849460650456657
2.09984984984985,0_real,2.848836145654725
2.1036036036036037,0_real,2.8482097490738996
2.1073573573573574,0_real,2.847581454162766
2.111111111111111,0_real,2.8469512543246918
2.114864864864865,0_real,2.84631914291747
2.1186186186186187,0_real,2.8456851132529044
2.1223723723723724,0_real,2.8450491585963444
2.126126126126126,0_real,2.844411272166308
2.12987987987988,0_real,2.8437714471339985
2.1336336336336337,0_real,2.8431296766228886
2.1373873873873874,0_real,2.842485953708292
2.141141141141141,0_real,2.8418402714168707
2.144894894894895,0_real,2.84119262272623
2.1486486486486487,0_real,2.8405430005644163
2.1524024024024024,0_real,2.839891397809449
2.156156156156156,0_real,2.8392378072889057
2.15990990990991,0_real,2.838582221779376
2.1636636636636637,0_real,2.837924634006
2.1674174174174174,0_real,2.837265036641994
2.171171171171171,0_real,2.8366034223081362
2.174924924924925,0_real,2.835939783572276
2.1786786786786787,0_real,2.8352741129488104
2.1824324324324325,0_real,2.8346064028981894
2.186186186186186,0_real,2.8339366458263733
2.18993993993994,0_real,2.8332648340843223
2.1936936936936937,0_real,2.832590959967458
2.1974474474474475,0_real,2.831915015715099
2.201201201201201,0_real,2.8312369935099566
2.204954954954955,0_real,2.8305568854775363
2.2087087087087087,0_real,2.829874683685606
2.2124624624624625,0_real,2.8291903801436034
2.2162162162162162,0_real,2.8285039668020877
2.21996996996997,0_real,2.82781543555212
2.2237237237237237,0_real,2.827124778224703
2.2274774774774775,0_real,2.826431986590163
2.2312312312312312,0_real,2.825737052357548
2.234984984984985,0_real,2.8250399671740185
2.2387387387387387,0_real,2.8243407226242123
2.2424924924924925,0_real,2.823639310229634
2.2462462462462462,0_real,2.8229357214479744
2.25,0_real,2.822229947672537
2.2537537537537538,0_real,2.8215219802314815
2.2575075075075075,0_real,2.8208118103872515
2.2612612612612613,0_real,2.8200994293358583
2.265015015015015,0_real,2.8193848282061804
2.2687687687687688,0_real,2.818667998059312
2.2725225225225225,0_real,2.817948929887839
2.2762762762762763,0_real,2.8172276146151365
2.28003003003003,0_real,2.8165040430946355
2.2837837837837838,0_real,2.815778206109127
2.2875375375375375,0_real,2.815050094369961
2.2912912912912913,0_real,2.8143196985163703
2.295045045045045,0_real,2.813587009114661
2.298798798798799,0_real,2.8128520166574607
2.3025525525525525,0_real,2.8121147115629217
2.3063063063063063,0_real,2.8113750841739638
2.31006006006006,0_real,2.8106331247574303
2.313813813813814,0_real,2.8098888235033126
2.3175675675675675,0_real,2.809142170523894
2.3213213213213213,0_real,2.808393155852933
2.325075075075075,0_real,2.80764176944482
2.328828828828829,0_real,2.8068880011736965
2.3325825825825826,0_real,2.8061318408325997
2.3363363363363363,0_real,2.8053732781325813
2.34009009009009,0_real,2.8046123027017957
2.343843843843844,0_real,2.8038489040845986
2.3475975975975976,0_real,2.8030830717406454
2.3513513513513513,0_real,2.8023147950439204
2.355105105105105,0_real,2.8015440632818134
2.358858858858859,0_real,2.8007708656541475
2.3626126126126126,0_real,2.7999951912722167
2.3663663663663663,0_real,2.7992170291577683
2.37012012012012,0_real,2.7984363682420454
2.373873873873874,0_real,2.7976531973647125
2.3776276276276276,0_real,2.796867505272867
2.3813813813813813,0_real,2.7960792806199635
2.385135135135135,0_real,2.7952885119647775
2.388888888888889,0_real,2.794495187770287
2.3926426426426426,0_real,2.7936992964026164
2.3963963963963963,0_real,2.7929008261298973
2.40015015015015,0_real,2.7920997651211605
2.403903903903904,0_real,2.7912961014451856
2.4076576576576576,0_real,2.790489823069314
2.4114114114114114,0_real,2.789680917858311
2.415165165165165,0_real,2.788869373573153
2.418918918918919,0_real,2.7880551778697926
2.4226726726726726,0_real,2.787238318297942
2.4264264264264264,0_real,2.786418782299844
2.43018018018018,0_real,2.7855965572089616
2.433933933933934,0_real,2.784771630248689
2.4376876876876876,0_real,2.7839439885310844
2.4414414414414414,0_real,2.783113619055488
2.445195195195195,0_real,2.782280508707209
2.448948948948949,0_real,2.7814446442561307
2.4527027027027026,0_real,2.7806060123553227
2.4564564564564564,0_real,2.779764599539633
2.46021021021021,0_real,2.778920392224255
2.463963963963964,0_real,2.7780733767032384
2.4677177177177176,0_real,2.7772235391480447
2.4714714714714714,0_real,2.776370865606018
2.475225225225225,0_real,2.7755153419988465
2.478978978978979,0_real,2.774656954121051
2.4827327327327327,0_real,2.7737956876383487
2.4864864864864864,0_real,2.772931528086098
2.49024024024024,0_real,2.772064460867635
2.493993993993994,0_real,2.771194471252631
2.4977477477477477,0_real,2.7703215443754026
2.5015015015015014,0_real,2.7694456652332198
2.505255255255255,0_real,2.768566818684535
2.509009009009009,0_real,2.767684989447245
2.5127627627627627,0_real,2.7668001620968745
2.5165165165165164,0_real,2.7659123210647643
2.52027027027027,0_real,2.765021450636202
2.524024024024024,0_real,2.764127534948555
2.5277777777777777,0_real,2.7632305579893215
2.5315315315315314,0_real,2.7623305035942147
2.535285285285285,0_real,2.7614273554451536
2.539039039039039,0_real,2.7605210970682537
2.5427927927927927,0_real,2.75961171183177
2.5465465465465464,0_real,2.758699182944036
2.5503003003003,0_real,2.7577834934513117
2.554054054054054,0_real,2.7568646262356378
2.5578078078078077,0_real,2.755942564012643
2.5615615615615615,0_real,2.755017289329312
2.565315315315315,0_real,2.754088784561705
2.569069069069069,0_real,2.7531570319126644
2.5728228228228227,0_real,2.7522220134094484
2.5765765765765765,0_real,2.751283710901334
2.58033033033033,0_real,2.7503421060571958
2.584084084084084,0_real,2.7493971803630277
2.5878378378378377,0_real,2.74844891511942
2.5915915915915915,0_real,2.7474972914389806
2.5953453453453452,0_real,2.746542290243741
2.599099099099099,0_real,2.7455838922624967
2.6028528528528527,0_real,2.744622078028077
2.606606606606607,0_real,2.743656827874613
2.6103603603603602,0_real,2.7426881219347283
2.6141141141141144,0_real,2.741715940136677
2.6178678678678677,0_real,2.7407402622014256
2.621621621621622,0_real,2.739761067639728
2.6253753753753752,0_real,2.73877833574905
2.6291291291291294,0_real,2.7377920456105445
2.6328828828828827,0_real,2.736802176085903
2.636636636636637,0_real,2.735808705814171
2.6403903903903903,0_real,2.734811613208482
2.6441441441441444,0_real,2.7338108764527806
2.6478978978978978,0_real,2.732806473498437
2.651651651651652,0_real,2.7317983820607736
2.6554054054054053,0_real,2.7307865796156374
2.6591591591591595,0_real,2.729771043395763
2.6629129129129128,0_real,2.7287517503871763
2.666666666666667,0_real,2.727728677325463
2.6704204204204203,0_real,2.7267018006920116
2.6741741741741745,0_real,2.7256710967101467
2.6779279279279278,0_real,2.7246365413411864
2.681681681681682,0_real,2.723598110280472
2.6854354354354353,0_real,2.722555778953258
2.6891891891891895,0_real,2.7215095225105497
2.692942942942943,0_real,2.720459315824857
2.696696696696697,0_real,2.7194051334858784
2.7004504504504503,0_real,2.7183469497960413
2.7042042042042045,0_real,2.7172847387660424
2.707957957957958,0_real,2.7162184741101942
2.711711711711712,0_real,2.715148129241774
2.7154654654654653,0_real,2.7140736772682077
2.7192192192192195,0_real,2.712995090986208
2.722972972972973,0_real,2.711912342876741
2.726726726726727,0_real,2.71082540509998
2.7304804804804803,0_real,2.709734249490092
2.7342342342342345,0_real,2.708638847549894
2.737987987987988,0_real,2.7075391704454974
2.741741741741742,0_real,2.706435189000728
2.7454954954954953,0_real,2.705326873691484
2.7492492492492495,0_real,2.704214194639988
2.753003003003003,0_real,2.7030971216088604
2.756756756756757,0_real,2.7019756239951134
2.7605105105105103,0_real,2.700849670823997
2.7642642642642645,0_real,2.699719230742729
2.768018018018018,0_real,2.6985842720140507
2.771771771771772,0_real,2.6974447625096722
2.7755255255255253,0_real,2.6963006697035574
2.7792792792792795,0_real,2.695151960665103
2.783033033033033,0_real,2.693998602052062
2.786786786786787,0_real,2.69284056010346
2.7905405405405403,0_real,2.691677800632214
2.7942942942942945,0_real,2.6905102890176353
2.798048048048048,0_real,2.6893379901978305
2.801801801801802,0_real,2.688160868661786
2.8055555555555554,0_real,2.686978888441402
2.8093093093093096,0_real,2.6857920131032937
2.813063063063063,0_real,2.6846002057403613
2.816816816816817,0_real,2.6834034289632456
2.8205705705705704,0_real,2.682201644891528
2.8243243243243246,0_real,2.6809948151447234
2.828078078078078,0_real,2.6797829008330973
2.831831831831832,0_real,2.6785658625482247
2.8355855855855854,0_real,2.6773436603533485
2.8393393393393396,0_real,2.6761162537734986
2.843093093093093,0_real,2.6748836017853606
2.846846846846847,0_real,2.673645662806922
2.8506006006006004,0_real,2.6724023946868547
2.8543543543543546,0_real,2.6711537546936466
2.858108108108108,0_real,2.6698996995044046
2.861861861861862,0_real,2.6686401851934933
2.8656156156156154,0_real,2.6673751672207953
2.8693693693693696,0_real,2.666104600419705
2.873123123123123,0_real,2.664828438984851
2.876876876876877,0_real,2.6635466364594205
2.8806306306306304,0_real,2.662259145722298
2.8843843843843846,0_real,2.660965918974737
2.888138138138138,0_real,2.6596669077267787
2.891891891891892,0_real,2.6583620627832527
2.8956456456456454,0_real,2.6570513342294886
2.8993993993993996,0_real,2.655734671416581
2.903153153153153,0_real,2.6544120229462917
2.906906906906907,0_real,2.653083336655575
2.9106606606606604,0_real,2.6517485596006525
2.9144144144144146,0_real,2.6504076380406802
2.918168168168168,0_real,2.6490605174209794
2.921921921921922,0_real,2.647707142355798
2.9256756756756754,0_real,2.646347456610573
2.9294294294294296,0_real,2.6449814030837873
2.933183183183183,0_real,2.6436089237882596
2.936936936936937,0_real,2.642229959831891
2.9406906906906904,0_real,2.640844451397964
2.9444444444444446,0_real,2.639452337724781
2.948198198198198,0_real,2.6380535570848034
2.951951951951952,0_real,2.636648046763148
2.9557057057057055,0_real,2.6352357430354907
2.9594594594594597,0_real,2.6338165811453464
2.963213213213213,0_real,2.632390495280598
2.966966966966967,0_real,2.63095741854948
2.9707207207207205,0_real,2.6295172829557085
2.9744744744744747,0_real,2.628070019373016
2.978228228228228,0_real,2.626615557518785
2.981981981981982,0_real,2.6251538259269847
2.9857357357357355,0_real,2.6236847519202486
2.9894894894894897,0_real,2.6222082615811315
2.993243243243243,0_real,2.6207242797224293
2.996996996996997,0_real,2.6192327298566402
3.000750750750751,0_real,2.6177335341644428
3.0045045045045047,0_real,2.616226613462193
3.0082582582582584,0_real,2.6147118871684034
3.012012012012012,0_real,2.613189273269139
3.015765765765766,0_real,2.6116586882823363
3.0195195195195197,0_real,2.6101200472209323
3.0232732732732734,0_real,2.6085732635548355
3.027027027027027,0_real,2.6070182491716416
3.030780780780781,0_real,2.6054549143360193
3.0345345345345347,0_real,2.6038831676478207
3.0382882882882885,0_real,2.60230291599873
3.042042042042042,0_real,2.6007140645274918
3.045795795795796,0_real,2.599116516573555
3.0495495495495497,0_real,2.597510173629253
3.0533033033033035,0_real,2.595894935290225
3.057057057057057,0_real,2.5942706992041424
3.060810810810811,0_real,2.5926373610177116
3.0645645645645647,0_real,2.5909948143217014
3.0683183183183185,0_real,2.5893429505940935
3.0720720720720722,0_real,2.5876816591411895
3.075825825825826,0_real,2.5860108270365703
3.0795795795795797,0_real,2.584330339057825
3.0833333333333335,0_real,2.5826400776210123
3.0870870870870872,0_real,2.580939922712658
3.090840840840841,0_real,2.579229751819215
3.0945945945945947,0_real,2.5775094398538823
3.0983483483483485,0_real,2.57577885908068
3.1021021021021022,0_real,2.574037879035565
3.105855855855856,0_real,2.572286366444552
3.1096096096096097,0_real,2.5705241851386242
3.1133633633633635,0_real,2.568751195965336
3.1171171171171173,0_real,2.5669672566968904
3.120870870870871,0_real,2.565172221934567
3.1246246246246248,0_real,2.56336594300927
3.1283783783783785,0_real,2.561548267878099
3.1321321321321323,0_real,2.5597190410166246
3.135885885885886,0_real,2.557878103306728
3.1396396396396398,0_real,2.556025291919738
3.1433933933933935,0_real,2.5541604401946905
3.1471471471471473,0_real,2.552283377511389
3.150900900900901,0_real,2.550393929157937
3.1546546546546548,0_real,2.548491916192675
3.1584084084084085,0_real,2.546577155299973
3.1621621621621623,0_real,2.5446494586396518
3.165915915915916,0_real,2.542708633689731
3.16966966966967,0_real,2.540754483082019
3.1734234234234235,0_real,2.5387868044303215
3.1771771771771773,0_real,2.5368053901506373
3.180930930930931,0_real,2.5348100272730534
3.184684684684685,0_real,2.532800497244801
3.1884384384384385,0_real,2.530776575723986
3.1921921921921923,0_real,2.5287380323633597
3.195945945945946,0_real,2.5266846305837207
3.1996996996997,0_real,2.524616127336081
3.2034534534534536,0_real,2.5225322728521657
3.2072072072072073,0_real,2.520432810382388
3.210960960960961,0_real,2.5183174759204823
3.214714714714715,0_real,2.5161859979141523
3.2184684684684686,0_real,2.51403809696063
3.2222222222222223,0_real,2.5118734854863365
3.225975975975976,2_real,2.5096918674095527
3.22972972972973,2_real,2.507492937784949
3.2334834834834836,2_real,2.5052763824288804
3.2372372372372373,2_real,2.5030418775240406
3.240990990990991,2_real,2.500789089202121
3.244744744744745,2_real,2.4985176731030148
3.2484984984984986,2_real,2.4962272739088034
3.2522522522522523,2_real,2.4939175248508754
3.256006006006006,2_real,2.49158804718819
3.25975975975976,2_real,2.4892384496546027
3.2635135135135136,2_real,2.486868327872967
3.2672672672672673,2_real,2.484477263733624
3.271021021021021,2_real,2.482064824734463
3.274774774774775,2_real,2.4796305632797324
3.2785285285285286,2_real,2.4771740159343314
3.2822822822822824,2_real,2.4746947026301402
3.286036036036036,2_real,2.472192125820483
3.28978978978979,2_real,2.4696657695786124
3.2935435435435436,2_real,2.467115098635577
3.2972972972972974,2_real,2.4645395573524063
3.301051051051051,2_real,2.4619385686210307
3.304804804804805,2_real,2.459311532687966
3.3085585585585586,2_real,2.45665782589374
3.3123123123123124,2_real,2.4539767993208366
3.316066066066066,2_real,2.451267777341791
3.31981981981982,2_real,2.448530056058263
3.3235735735735736,2_real,2.445762901620984
3.3273273273273274,2_real,2.442965548419237
3.331081081081081,2_real,2.440137197127287
3.334834834834835,2_real,2.4372770125936607
3.3385885885885886,2_real,2.4343841215577036
3.3423423423423424,2_real,2.4314576101755767
3.346096096096096,2_real,2.4284965213361693
3.34984984984985,2_real,2.425499851744483
3.3536036036036037,2_real,2.422466548747564
3.3573573573573574,2_real,2.4193955068745727
3.361111111111111,2_real,2.41628556405888
3.364864864864865,2_real,2.413135497505875
3.3686186186186187,2_real,2.409944019164817
3.3723723723723724,2_real,2.406709770757579
3.376126126126126,2_real,2.4034313183099867
3.37987987987988,2_real,2.4001071461236427
3.3836336336336337,2_real,2.396735650116602
3.3873873873873874,2_real,2.3933151304503073
3.391141141141141,2_real,2.3898437833469948
3.394894894894895,2_real,2.386319691986263
3.3986486486486487,2_real,2.3827408163509247
3.4024024024024024,2_real,2.379104981870122
3.406156156156156,2_real,2.375409866680859
3.40990990990991,2_real,2.371652987296948
3.4136636636636637,2_real,2.367831682435039
3.4174174174174174,2_real,2.3639430946997724
3.421171171171171,2_real,2.3599841497711442
3.424924924924925,2_real,2.3559515326648963
3.4286786786786787,2_real,2.3518416605467944
3.4324324324324325,2_real,2.3476506514688293
3.436186186186186,2_real,2.3433742882544255
3.43993993993994,2_real,2.3390079765796674
3.4436936936936937,2_real,2.3345466960685926
3.4474474474474475,2_real,2.3299849429250714
3.451201201201201,2_real,2.3253166622396746
3.454954954954955,2_real,2.3205351676058945
3.4587087087087087,2_real,2.315633045011542
3.4624624624624625,2_real,2.3106020370749554
3.4662162162162162,2_real,2.305432902479035
3.46996996996997,2_real,2.300115243783448
3.4737237237237237,2_real,2.294637294462214
3.4774774774774775,2_real,2.2889856527083285
3.4812312312312312,2_real,2.2831449447821277
3.484984984984985,2_real,2.277097393681059
3.4887387387387387,2_real,2.270822258405417
3.4924924924924925,2_real,2.2642950929599373
3.4962462462462462,2_real,2.2574867487727746
3.5,2_real,2.2503620028129094
3.5037537537537538,2_real,2.2428776239859336
3.5075075075075075,2_real,2.2349795682355276
3.5112612612612613,2_real,2.226598768375952
3.515015015015015,2_real,2.21764454864144
3.5187687687687688,2_real,2.2079937868698534
3.5225225225225225,2_real,2.197471893174538
3.5262762762762763,2_real,2.18581648615558
3.53003003003003,2_real,2.1725994720424686
3.5337837837837838,2_real,2.1570283443387863
3.5375375375375375,2_real,2.137266131263333
3.5412912912912913,2_real,2.1056090573550623
2.7042042042042045,3_real,0.7377149028453693
2.707957957957958,3_real,0.7579539806812924
2.711711711711712,3_real,0.773581101104187
2.7154654654654653,3_real,0.7868985088823939
2.7192192192192195,3_real,0.7987624506512896
2.722972972972973,3_real,0.8096040092761103
2.726726726726727,3_real,0.8196764578689268
2.7304804804804803,3_real,0.8291435913878348
2.7342342342342345,3_real,0.8381185650568735
2.737987987987988,3_real,0.8466834235900682
2.741741741741742,3_real,0.8548998991355499
2.7454954954954953,3_real,0.8628158218857905
2.7492492492492495,3_real,0.8704691431902505
2.753003003003003,3_real,0.8778905754873534
2.756756756756757,3_real,0.8851053892996354
2.7605105105105103,3_real,0.8921346745856737
2.7642642642642645,3_real,0.8989962495298804
2.768018018018018,3_real,0.9057053302001986
2.771771771771772,3_real,0.9122750337464395
2.7755255255255253,3_real,0.918716763071699
2.7792792792792795,3_real,0.9250405054059928
2.783033033033033,3_real,0.9312550672205938
2.786786786786787,3_real,0.9373682613223882
2.7905405405405403,3_real,0.9433870575110168
2.7942942942942945,3_real,0.9493177051121158
2.798048048048048,3_real,0.955165833547614
2.801801801801802,3_real,0.9609365355700088
2.8055555555555554,3_real,0.9666344366781003
2.8093093093093096,3_real,0.9722637534182467
2.813063063063063,3_real,0.9778283426713376
2.816816816816817,3_real,0.9833317435723175
2.8205705705705704,3_real,0.9887772133649574
2.8243243243243246,3_real,0.9941677582308961
2.828078078078078,3_real,0.9995061599279658
2.831831831831832,3_real,1.004794998913685
2.8355855855855854,3_real,1.0100366745046978
2.8393393393393396,3_real,1.0152334225237492
2.843093093093093,3_real,1.020387330806717
2.846846846846847,3_real,1.0255003528786684
2.8506006006006004,3_real,1.0305743200565523
2.8543543543543546,3_real,1.035610952194366
2.858108108108108,3_real,1.0406118672525861
2.861861861861862,3_real,1.0455785898454584
2.8656156156156154,3_real,1.050512558896709
2.8693693693693696,3_real,1.0554151345149383
2.873123123123123,3_real,1.0602876041838754
2.876876876876877,3_real,1.0651311883494026
2.8806306306306304,3_real,1.0699470454737432
2.8843843843843846,3_real,1.074736276617927
2.888138138138138,3_real,1.079499929605356
2.891891891891892,3_real,1.0842390028125748
2.8956456456456454,3_real,1.08895444862742
2.8993993993993996,3_real,1.0936471766097424
2.903153153153153,3_real,1.098318056385558
2.906906906906907,3_real,1.1029679203018232
2.9106606606606604,3_real,1.107597565865783
2.9144144144144146,3_real,1.1122077579900709
2.918168168168168,3_real,1.1167992310623482
2.921921921921922,3_real,1.1213726908561905
2.9256756756756754,3_real,1.1259288162979864
2.9294294294294296,3_real,1.1304682611032006
2.933183183183183,3_real,1.134991655293724
2.936936936936937,3_real,1.1394996066070109
2.9406906906906904,3_real,1.1439927018064233
2.9444444444444446,3_real,1.148471507901389
2.948198198198198,3_real,1.1529365732850474
2.951951951951952,3_real,1.1573884287963152
2.9557057057057055,3_real,1.161827588712658
2.9594594594594597,3_real,1.1662545516792309
2.963213213213213,3_real,1.1706698015795447
2.966966966966967,3_real,1.1750738083523087
2.9707207207207205,3_real,1.179467028758709
2.9744744744744747,3_real,1.1838499071039912
2.978228228228228,3_real,1.1882228759168498
2.981981981981982,3_real,1.1925863565898878
2.9857357357357355,3_real,1.1969407599840316
2.9894894894894897,3_real,1.2012864869996411
2.993243243243243,3_real,1.2056239291167823
2.996996996996997,3_real,1.209953468906923
3.000750750750751,3_real,1.214275480518116
3.0045045045045047,3_real,1.2185903301356713
3.0082582582582584,3_real,1.2228983764199837
3.012012012012012,3_real,1.2271999709232495
3.015765765765766,3_real,1.231495458486516
3.0195195195195197,3_real,1.235785177618513
3.0232732732732734,3_real,1.2400694608575538
3.027027027027027,3_real,1.244348635117679
3.030780780780781,3_real,1.248623022020239
3.0345345345345347,3_real,1.2528929382118765
3.0382882882882885,3_real,1.2571586956699627
3.042042042042042,3_real,1.261420601996347
3.045795795795796,3_real,1.2656789607002945
3.0495495495495497,3_real,1.269934071471409
3.0533033033033035,3_real,1.2741862304433078
3.057057057057057,3_real,1.278435730448729
3.060810810810811,3_real,1.2826828612667718
3.0645645645645647,3_real,1.2869279098628643
3.0683183183183185,3_real,1.2911711606221061
3.0720720720720722,3_real,1.2954128955765023
3.075825825825826,3_real,1.2996533946266697
3.0795795795795797,3_real,1.303892935758513
3.0833333333333335,3_real,1.308131795255365
3.0870870870870872,3_real,1.3123702479060757
3.090840840840841,3_real,1.3166085672094954
3.0945945945945947,3_real,1.3208470255758118
3.0983483483483485,3_real,1.3250858945251276
3.1021021021021022,3_real,1.3293254448837533
3.105855855855856,3_real,1.3335659469785655
3.1096096096096097,3_real,1.3378076708298672
3.1133633633633635,3_real,1.3420508863431042
3.1171171171171173,3_real,1.3462958634998663
3.120870870870871,3_real,1.3505428725484996
3.1246246246246248,3_real,1.3547921841947654
3.1283783783783785,3_real,1.3590440697928787
3.1321321321321323,3_real,1.3632988015373262
3.135885885885886,3_real,1.3675566526558345
3.1396396396396398,3_real,1.3718178976038868
3.1433933933933935,3_real,1.3760828122611657
3.1471471471471473,3_real,1.3803516741303032
3.150900900900901,3_real,1.384624762538377
3.1546546546546548,3_real,1.3889023588415532
3.1584084084084085,3_real,1.3931847466332539
3.1621621621621623,3_real,1.3974722119563925
3.165915915915916,3_real,1.40176504352001
3.16966966966967,3_real,1.4060635329208633
3.1734234234234235,3_real,1.4103679748704487
3.1771771771771773,3_real,1.4146786674279195
3.180930930930931,3_real,1.4189959122394904
3.184684684684685,3_real,1.4233200147848635
3.1884384384384385,3_real,1.4276512846312663
3.1921921921921923,3_real,1.431990035695703
3.195945945945946,3_real,1.4363365865161402
3.1996996996997,3_real,1.440691260532232
3.2034534534534536,3_real,1.4450543863763836
3.2072072072072073,3_real,1.4494262981759103
3.210960960960961,3_real,1.4538073358671193
3.214714714714715,3_real,1.4581978455222124
3.2184684684684686,3_real,1.462598179689944
3.2222222222222223,3_real,1.4670086977510282
3.225975975975976,3_real,1.4714297662894225
3.22972972972973,3_real,1.4758617594805876
3.2334834834834836,3_real,1.4803050594980143
3.2372372372372373,3_real,1.4847600569393027
3.240990990990991,3_real,1.489227151273321
3.244744744744745,3_real,1.4937067513098692
3.2484984984984986,3_real,1.498199275693636
3.2522522522522523,3_real,1.5027051534241873
3.256006006006006,3_real,1.5072248244039779
3.25975975975976,3_real,1.511758740016478
3.2635135135135136,3_real,1.51630736373676
3.2672672672672673,3_real,1.520871171776967
3.271021021021021,3_real,1.525450653769479
3.274774774774775,3_real,1.5300463134906381
3.2785285285285286,3_real,1.5346586696283324
3.2822822822822824,3_real,1.5392882565969084
3.286036036036036,3_real,1.5439356254033099
3.28978978978979,3_real,1.548601344568613
3.2935435435435436,3_real,1.5532860011096086
3.2972972972972974,3_real,1.5579902015854938
3.301051051051051,3_real,1.5627145732152798
3.304804804804805,3_real,1.567459765071987
3.3085585585585586,3_real,1.5722264493604996
3.3123123123123124,3_real,1.5770153227864905
3.316066066066066,3_real,1.5818271080246948
3.31981981981982,3_real,1.586662555295772
3.3235735735735736,3_real,1.591522444061835
3.3273273273273274,3_real,1.596407584852057
3.331081081081081,3_real,1.6013188212308993
3.334834834834835,3_real,1.6062570319230685
3.3385885885885886,3_real,1.611223133110894
3.3423423423423424,3_real,1.6162180809217954
3.346096096096096,3_real,1.6212428741255829
3.34984984984985,3_real,1.626298557063826
3.3536036036036037,3_real,1.6313862228364395
3.3573573573573574,3_real,1.6365070167737639
3.361111111111111,3_real,1.641662140226273
3.364864864864865,3_real,1.646852854708365
3.3686186186186187,3_real,1.6520804864376863
3.3723723723723724,3_real,1.6573464313173762
3.376126126126126,3_real,1.662652160415406
3.37987987987988,3_real,1.6679992260031538
3.3836336336336337,3_real,1.6733892682248825
3.3873873873873874,3_real,1.6788240224807012
3.391141141141141,3_real,1.6843053276188162
3.394894894894895,3_real,1.6898351350483847
3.3986486486486487,3_real,1.6954155189028224
3.4024024024024024,3_real,1.7010486874056776
3.406156156156156,3_real,1.7067369956178278
3.40990990990991,3_real,1.712482959777084
3.4136636636636637,3_real,1.7182892734804662
3.4174174174174174,3_real,1.7241588260072103
3.421171171171171,3_real,1.7300947231393324
3.424924924924925,3_real,1.7361003109089688
3.4286786786786787,3_real,1.742179202791728
3.4324324324324325,3_real,1.7483353109778148
3.436186186186186,3_real,1.7545728824940814
3.43993993993994,3_real,1.7608965411298623
3.4436936936936937,3_real,1.7673113363485564
3.4474474474474475,3_real,1.773822800662487
3.451201201201201,3_real,1.7804370173326292
3.454954954954955,3_real,1.7871607007588244
3.4587087087087087,3_real,1.7940012925946558
3.4624624624624625,3_real,1.800967077517391
3.4662162162162162,3_real,1.8080673237999811
3.46996996996997,3_real,1.8153124555047075
3.4737237237237237,3_real,1.8227142654513553
3.4774774774774775,3_real,1.830286181418245
3.4812312312312312,3_real,1.8380436027992748
3.484984984984985,3_real,1.8460043319396475
3.4887387387387387,3_real,1.8541891348753108
3.4924924924924925,3_real,1.862622482336563
3.4962462462462462,3_real,1.8713335473340755
3.5,3_real,1.8803575770464491
3.5037537537537538,3_real,1.8897378264292268
3.5075075075075075,3_real,1.8995283631181934
3.5112612612612613,3_real,1.9097982776014426
3.515015015015015,3_real,1.9206382686745616
3.5187687687687688,3_real,1.932171481261383
3.5225225225225225,3_real,1.9445725277464887
3.5262762762762763,3_real,1.9581038117681973
3.53003003003003,3_real,1.9731934490800696
3.5337837837837838,3_real,1.9906339679102831
3.5375375375375375,3_real,2.0122623615245354
3.5412912912912913,3_real,2.045782426625002
2.7042042042042045,4_real,0.6531659325709352
2.707957957957958,4_real,0.6353475484191332
2.711711711711712,4_real,0.6221447118649042
2.7154654654654653,4_real,0.6112552052688446
2.7192192192192195,4_real,0.6018228094357104
2.722972972972973,4_real,0.5934164692565662
2.726726726726727,4_real,0.585782939696919
2.7304804804804803,4_real,0.5787584542027061
2.7342342342342345,4_real,0.5722298862857014
2.737987987987988,4_real,0.566115220304865
2.741741741741742,4_real,0.5603527535277781
2.7454954954954953,4_real,0.5548946855260367
2.7492492492492495,4_real,0.5497030950683853
2.753003003003003,4_real,0.5447473001946228
2.756756756756757,4_real,0.5400020612264871
2.7605105105105103,4_real,0.5354463194218588
2.7642642642642645,4_real,0.5310622881912599
2.768018018018018,4_real,0.5268347834465743
2.771771771771772,4_real,0.522750720409269
2.7755255255255253,4_real,0.5187987289456866
2.7792792792792795,4_real,0.5149688550002645
2.783033033033033,4_real,0.5112523256881939
2.786786786786787,4_real,0.507641362208232
2.7905405405405403,4_real,0.5041290291928925
2.7942942942942945,4_real,0.5007091121826776
2.798048048048048,4_real,0.49737601706345136
2.801801801801802,4_real,0.49412468683999294
2.8055555555555554,4_real,0.49095053222827917
2.8093093093093096,4_real,0.4878493733624193
2.813063063063063,4_real,0.48481739051607664
2.816816816816817,4_real,0.481851082191529
2.8205705705705704,4_real,0.4789472292736743
2.8243243243243246,4_real,0.4761028642099837
2.828078078078078,4_real,0.47331524438138106
2.831831831831832,4_real,0.4705818289881666
2.8355855855855854,4_real,0.46790025890023285
2.8393393393393396,4_real,0.4652683390199572
2.843093093093093,4_real,0.4626840227852968
2.846846846846847,4_real,0.46014539850408537
2.8506006006006004,4_real,0.45765067726197406
2.8543543543543546,4_real,0.4551981821881161
2.858108108108108,4_real,0.4527863388969062
2.861861861861862,4_real,0.4504136669520935
2.8656156156156154,4_real,0.4480787722227801
2.8693693693693696,4_real,0.4457803400200395
2.873123123123123,4_real,0.44351712891894407
2.876876876876877,4_real,0.4412879651841787
2.8806306306306304,4_real,0.43909173772876464
2.8843843843843846,4_real,0.4369273935448829
2.888138138138138,4_real,0.4347939335539069
2.891891891891892,4_real,0.43269040882959964
2.8956456456456454,4_real,0.43061591715429537
2.8993993993993996,4_real,0.4285695998728778
2.903153153153153,4_real,0.42655063901371854
2.906906906906907,4_real,0.42455825464940017
2.9106606606606604,4_real,0.4225917024732751
2.9144144144144146,4_real,0.4206502715706988
2.918168168168168,4_real,0.4187332823661586
2.921921921921922,4_real,0.41684008472963874
2.9256756756756754,4_real,0.41497005622740035
2.9294294294294296,4_real,0.4131226005039316
2.933183183183183,4_real,0.4112971457832723
2.936936936936937,4_real,0.4094931434791111
2.9406906906906904,4_real,0.407710066904182
2.9444444444444446,4_real,0.4059474100704166
2.948198198198198,4_real,0.4042046865721977
2.951951951951952,4_real,0.40248142854576663
2.9557057057057055,4_real,0.40077718569855836
2.9594594594594597,4_real,0.39909152440280043
2.963213213213213,4_real,0.397424026848256
2.966966966966967,4_real,0.39577429024946326
2.9707207207207205,4_real,0.3941419261032595
2.9744744744744747,4_real,0.3925265594927365
2.978228228228228,4_real,0.3909278284341425
2.981981981981982,4_real,0.38934538326352935
2.9857357357357355,4_real,0.38777888606023436
2.9894894894894897,4_real,0.3862280101045314
2.993243243243243,4_real,0.3846924393670115
2.996996996996997,4_real,0.3831718680274503
3.000750750750751,4_real,0.3816660000211166
3.0045045045045047,4_real,0.38017454861062927
3.0082582582582584,4_real,0.378697235981628
3.012012012012012,4_real,0.3772337928606657
3.015765765765766,4_real,0.3757839581538397
3.0195195195195197,4_real,0.3743474786048168
3.0232732732732734,4_real,0.3729241084709801
3.027027027027027,4_real,0.37151360921655596
3.030780780780781,4_real,0.3701157492216301
3.0345345345345347,4_real,0.3687303035060763
3.0382882882882885,4_real,0.3673570534674578
3.042042042042042,4_real,0.36599578663206134
3.045795795795796,4_real,0.3646462964182658
3.0495495495495497,4_real,0.3633083819115009
3.0533033033033035,4_real,0.3619818476501177
3.057057057057057,4_real,0.3606665034215309
3.060810810810811,4_real,0.3593621640680355
3.0645645645645647,4_real,0.3580686493017394
3.0683183183183185,4_real,0.3567857835281075
3.0720720720720722,4_real,0.3555133956776193
3.075825825825826,4_real,0.3542513190450942
3.0795795795795797,4_real,0.35299939113626805
3.0833333333333335,4_real,0.3517574535212154
3.0870870870870872,4_real,0.3505253516942537
3.090840840840841,4_real,0.34930293493998754
3.0945945945945947,4_real,0.34809005620515504
3.0983483483483485,4_real,0.3468865719759848
3.1021021021021022,4_real,0.3456923421607698
3.105855855855856,4_real,0.3445072299773934
3.1096096096096097,4_real,0.3433311018455537
3.1133633633633635,4_real,0.34216382728344497
3.1171171171171173,4_real,0.34100527880868425
3.120870870870871,4_real,0.339855331843255
3.1246246246246248,4_real,0.33871386462229
3.1283783783783785,4_real,0.33758075810649
3.1321321321321323,4_real,0.33645589589801345
3.135885885885886,4_real,0.3353391641596627
3.1396396396396398,4_real,0.33423045153721564
3.1433933933933935,4_real,0.3331296490847558
3.1471471471471473,4_real,0.3320366501928549
3.150900900900901,4_real,0.33095135051948005
3.1546546546546548,4_real,0.32987364792349955
3.1584084084084085,4_real,0.328803442400672
3.1621621621621623,4_real,0.32774063602199816
3.165915915915916,4_real,0.32668513287434
3.16966966966967,4_real,0.3256368390031995
3.1734234234234235,4_real,0.3245956623575651
3.1771771771771773,4_real,0.3235615127367313
3.180930930930931,4_real,0.3225343017390118
3.184684684684685,4_real,0.3215139427122613
3.1884384384384385,4_real,0.3205003507061272
3.1921921921921923,4_real,0.31949344242596056
3.195945945945946,4_real,0.31849313618831804
3.1996996996997,4_real,0.31749935187797895
3.2034534534534536,4_real,0.31651201090643266
3.2072072072072073,4_real,0.3155310361717538
3.210960960960961,4_real,0.3145563520198253
3.214714714714715,4_real,0.3135878842068518
3.2184684684684686,4_real,0.31262555986310026
3.2222222222222223,4_real,0.3116693074578366
3.225975975975976,4_real,0.31071905676539363
3.22972972972973,4_real,0.30977473883233986
3.2334834834834836,4_real,0.3088362859456962
3.2372372372372373,4_real,0.30790363160216655
3.240990990990991,4_real,0.30697671047833475
3.244744744744745,4_real,0.30605545840180665
3.2484984984984986,4_real,0.3051398123232377
3.2522522522522523,4_real,0.30422971028923823
3.256006006006006,4_real,0.303325091416105
3.25975975975976,4_real,0.3024258958643548
3.2635135135135136,4_real,0.30153206481403416
3.2672672672672673,4_real,0.30064354044076613
3.271021021021021,4_real,0.2997602658925212
3.274774774774775,4_real,0.2988821852670729
3.2785285285285286,4_real,0.2980092435901214
3.2822822822822824,4_real,0.297141386794061
3.286036036036036,4_real,0.29627856169736144
3.28978978978979,4_real,0.29542071598455294
3.2935435435435436,4_real,0.29456779818678075
3.2972972972972974,4_real,0.2937197576629207
3.301051051051051,4_real,0.29287654458123097
3.304804804804805,4_real,0.29203810990151796
3.3085585585585586,4_real,0.2912044053578083
3.3123123123123124,4_real,0.29037538344150116
3.316066066066066,4_real,0.2895509973849878
3.31981981981982,4_real,0.28873120114572387
3.3235735735735736,4_real,0.2879159493907354
3.3273273273273274,4_real,0.2871051974815515
3.331081081081081,4_real,0.28629890145953985
3.334834834834835,4_real,0.2854970180316385
3.3385885885885886,4_real,0.2846995045564706
3.3423423423423424,4_real,0.2839063190308277
3.346096096096096,4_real,0.2831174200765082
3.34984984984985,4_real,0.2823327669275048
3.3536036036036037,4_real,0.28155231941752645
3.3573573573573574,4_real,0.2807760379678419
3.361111111111111,4_real,0.28000388357543854
3.364864864864865,4_real,0.2792358178014876
3.3686186186186187,4_real,0.27847180276010297
3.3723723723723724,4_real,0.2777118011073809
3.376126126126126,4_real,0.27695577603072424
3.37987987987988,4_real,0.27620369123842925
3.3836336336336337,4_real,0.2754555109495354
3.3873873873873874,4_real,0.2747111998839258
3.391141141141141,4_real,0.273970723252673
3.394894894894895,4_real,0.27323404674862
3.3986486486486487,4_real,0.27250113653719715
3.4024024024024024,4_real,0.27177195924745556
3.406156156156156,4_real,0.2710464819633214
3.40990990990991,4_real,0.2703246722150577
3.4136636636636637,4_real,0.26960649797093555
3.4174174174174174,4_real,0.2688919276290972
3.421171171171171,4_real,0.26818093000961635
3.424924924924925,4_real,0.26747347434674373
3.4286786786786787,4_real,0.2667695302813351
3.4324324324324325,4_real,0.2660690678534531
3.436186186186186,4_real,0.2653720574951465
3.43993993993994,4_real,0.26467847002339007
3.4436936936936937,4_real,0.26398827663319013
3.4474474474474475,4_real,0.2633014488908443
3.451201201201201,4_real,0.2626179587273609
3.454954954954955,4_real,0.26193777843201826
3.4587087087087087,4_real,0.26126088064607794
3.4624624624624625,4_real,0.26058723835663017
3.4662162162162162,4_real,0.2599168248905845
3.46996996996997,4_real,0.2592496139087881
3.4737237237237237,4_real,0.258585579400276
3.4774774774774775,4_real,0.2579246956766469
3.4812312312312312,4_real,0.25726693736656403
3.484984984984985,4_real,0.25661227941037096
3.4887387387387387,4_real,0.25596069705483004
3.4924924924924925,4_real,0.25531216584797006
3.4962462462462462,4_real,0.25466666163404283
3.5,4_real,0.2540241605485953
3.5037537537537538,4_real,0.2533846390136354
3.5075075075075075,4_real,0.2527480737329098
3.5112612612612613,4_real,0.2521144416872758
3.515015015015015,4_real,0.2514837201301701
3.5187687687687688,4_real,0.2508558865831743
3.5225225225225225,4_real,0.25023091883167253
3.5262762762762763,4_real,0.2496087949205966
3.53003003003003,4_real,0.24898949315025956
3.5337837837837838,4_real,0.2483729920722749
3.5375375375375375,4_real,0.24775927048556107
3.5412912912912913,4_real,0.24714830743242056
3.545045045045045,4_real,0.2465400821947073
3.548798798798799,4_real,0.24593457429006282
3.5525525525525525,4_real,0.24533176346823402
3.5563063063063063,4_real,0.24473162970745888
3.56006006006006,4_real,0.2441341532109286
3.563813813813814,4_real,0.24353931440331852
3.5675675675675675,4_real,0.24294709392738403
3.5713213213213213,4_real,0.24235747264062737
3.575075075075075,4_real,0.24177043161202852
3.578828828828829,4_real,0.24118595211883678
3.5825825825825826,4_real,0.24060401564342757
3.5863363363363363,4_real,0.24002460387022012
3.59009009009009,4_real,0.23944769868264956
3.593843843843844,4_real,0.23887328216020437
3.5975975975975976,4_real,0.23830133657551164
3.6013513513513513,4_real,0.23773184439148567
3.605105105105105,4_real,0.23716478825852313
3.608858858858859,4_real,0.23660015101175708
3.6126126126126126,4_real,0.23603791566835836
3.6163663663663663,4_real,0.235478065424888
3.62012012012012,4_real,0.234920583654701
3.623873873873874,4_real,0.23436545390539373
3.6276276276276276,4_real,0.2338126598963032
3.6313813813813813,4_real,0.23326218551604924
3.635135135135135,4_real,0.232714014820121
3.638888888888889,4_real,0.23216813202850986
3.6426426426426426,4_real,0.23162452152338373
3.6463963963963963,4_real,0.23108316784680216
3.65015015015015,4_real,0.23054405569847647
3.653903903903904,4_real,0.23000716993356288
3.6576576576576576,4_real,0.22947249556050425
3.6614114114114114,4_real,0.2289400177389007
3.665165165165165,4_real,0.22840972177742735
3.668918918918919,4_real,0.2278815931317785
3.6726726726726726,4_real,0.2273556174026579
3.6764264264264264,4_real,0.22683178033379664
3.68018018018018,4_real,0.2263100678100077
3.683933933933934,4_real,0.2257904658552796
3.6876876876876876,4_real,0.22527296063089225
3.6914414414414414,4_real,0.2247575384335756
3.695195195195195,4_real,0.2242441856936941
3.698948948948949,4_real,0.22373288897346352
3.7027027027027026,4_real,0.2232236349651991
3.7064564564564564,4_real,0.22271641048959187
3.71021021021021,4_real,0.22221120249401424
3.713963963963964,4_real,0.22170799805085786
3.7177177177177176,4_real,0.2212067843558914
3.7214714714714714,4_real,0.22070754872665413
3.725225225225225,4_real,0.22021027860087142
3.728978978978979,4_real,0.21971496153489825
3.7327327327327327,4_real,0.21922158520218873
3.7364864864864864,4_real,0.21873013739178676
3.74024024024024,4_real,0.21824060600684916
3.743993993993994,4_real,0.21775297906318591
3.7477477477477477,4_real,0.21726724468782704
3.7515015015015014,4_real,0.21678339111761402
3.755255255255255,4_real,0.21630140669781012
3.759009009009009,4_real,0.21582127988073857
3.7627627627627627,4_real,0.21534299922443662
3.7665165165165164,4_real,0.21486655339133656
3.77027027027027,4_real,0.21439193114696264
3.774024024024024,4_real,0.21391912135865362
3.7777777777777777,4_real,0.21344811299430322
3.7815315315315314,4_real,0.21297889512111823
3.785285285285285,4_real,0.21251145690440137
3.789039039039039,4_real,0.2120457876063485
3.7927927927927927,4_real,0.21158187658486682
3.7965465465465464,4_real,0.21111971329241094
3.8003003003003,4_real,0.21065928727483738
3.804054054054054,4_real,0.21020058817027698
3.8078078078078077,4_real,0.20974360570802253
3.8115615615615615,4_real,0.20928832970743685
3.815315315315315,4_real,0.20883475007687574
3.819069069069069,4_real,0.2083828568126268
3.8228228228228227,4_real,0.2079326399978651
3.8265765765765765,4_real,0.20748408980162594
3.83033033033033,4_real,0.20703719647779004
3.834084084084084,4_real,0.20659195036408692
3.8378378378378377,4_real,0.2061483418811125
3.8415915915915915,4_real,0.20570636153135913
3.8453453453453452,4_real,0.20526599989826483
3.849099099099099,4_real,0.2048272476452714
3.8528528528528527,4_real,0.20439009551489934
3.8566066066066065,4_real,0.2039545343278373
3.8603603603603602,4_real,0.20352055498204139
3.864114114114114,4_real,0.20308814845185158
3.8678678678678677,4_real,0.2026573057871188
3.8716216216216215,4_real,0.20222801811234484
3.8753753753753752,4_real,0.20180027662583597
3.879129129129129,4_real,0.20137407259886697
3.8828828828828827,4_real,0.2009493973748588
3.8866366366366365,4_real,0.20052624236856842
3.8903903903903903,4_real,0.200104599065287
3.894144144144144,4_real,0.19968445902005436
3.8978978978978978,4_real,0.19926581385688155
3.9016516516516515,4_real,0.19884865526798332
3.9054054054054053,4_real,0.19843297501302612
3.909159159159159,4_real,0.19801876491838166
3.9129129129129128,4_real,0.19760601687639404
3.9166666666666665,4_real,0.1971947228446559
3.9204204204204203,4_real,0.19678487484529564
3.924174174174174,4_real,0.19637646496427275
3.9279279279279278,4_real,0.19596948535068676
3.9316816816816815,4_real,0.19556392821608964
3.9354354354354353,4_real,0.19515978583381383
3.939189189189189,4_real,0.19475705053830633
3.942942942942943,4_real,0.19435571472447194
3.9466966966966965,4_real,0.19395577084702692
3.9504504504504503,4_real,0.1935572114198595
3.954204204204204,4_real,0.1931600290154022
3.957957957957958,4_real,0.1927642162640085
3.9617117117117115,4_real,0.1923697658533413
3.9654654654654653,4_real,0.19197667052776846
3.969219219219219,4_real,0.19158492308776617
3.972972972972973,4_real,0.19119451638933058
3.9767267267267266,4_real,0.19080544334339794
3.9804804804804803,4_real,0.19041769691527116
3.984234234234234,4_real,0.19003127012405516
3.987987987987988,4_real,0.18964615604209828
3.9917417417417416,4_real,0.18926234779444348
3.9954954954954953,4_real,0.1888798385582848
3.999249249249249,4_real,0.18849862156243063
4.003003003003003,4_real,0.18811869008677579
4.006756756756756,4_real,0.1877400374617793
4.01051051051051,4_real,0.18736265706794936
4.0142642642642645,4_real,0.1869865423353346
4.018018018018018,4_real,0.18661168674302253
4.021771771771771,4_real,0.1862380838186432
4.025525525525525,4_real,0.18586572713788127
4.0292792792792795,4_real,0.1854946103239934
4.033033033033033,4_real,0.18512472704733085
4.036786786786786,4_real,0.1847560710248689
4.04054054054054,4_real,0.18438863601974273
4.0442942942942945,4_real,0.18402241584078974
4.048048048048048,4_real,0.18365740434209427
4.051801801801801,4_real,0.18329359542254395
4.055555555555555,4_real,0.1829309830253848
4.0593093093093096,4_real,0.18256956113778808
4.063063063063063,4_real,0.18220932379041738
4.066816816816816,4_real,0.1818502650570064
4.07057057057057,4_real,0.18149237905393628
4.074324324324325,4_real,0.18113565993982264
4.078078078078078,4_real,0.18078010191510624
4.081831831831831,4_real,0.180425699221648
4.085585585585585,4_real,0.18007244614232887
4.08933933933934,4_real,0.1797203370006577
4.093093093093093,4_real,0.17936936616037974
4.096846846846846,4_real,0.17901952802509097
4.1006006006006,4_real,0.1786708170378598
4.104354354354355,4_real,0.17832322768085163
4.108108108108108,4_real,0.1779767544749552
4.111861861861861,4_real,0.17763139197941835
4.115615615615615,4_real,0.17728713479148522
4.11936936936937,4_real,0.17694397754603866
4.123123123123123,4_real,0.17660191491524665
4.126876876876876,4_real,0.17626094160821187
4.13063063063063,4_real,0.1759210523706289
4.134384384384385,4_real,0.1755822419844408
4.138138138138138,4_real,0.1752445052675048
4.141891891891891,4_real,0.17490783707325588
4.145645645645645,4_real,0.17457223229038166
4.1493993993994,4_real,0.17423768584249355
4.153153153153153,4_real,0.1739041926878086
4.156906906906906,4_real,0.1735717478188289
4.16066066066066,4_real,0.17324034626203091
4.164414414414415,4_real,0.1729099830775522
4.168168168168168,4_real,0.17258065335888725
4.171921921921921,4_real,0.17225235223258217
4.175675675675675,4_real,0.171925074857938
4.17942942942943,4_real,0.17159881642671126
4.183183183183183,4_real,0.17127357216282474
4.186936936936936,4_real,0.17094933732207443
4.1906906906906904,4_real,0.1706261071918475
4.194444444444445,4_real,0.17030387709083564
4.198198198198198,4_real,0.16998264236875912
4.201951951951951,4_real,0.16966239840608718
4.2057057057057055,4_real,0.16934314061376782
4.20945945945946,4_real,0.169024864432955
4.213213213213214,4_real,0.16870756533474324
4.216966966966967,4_real,0.16839123881990362
4.2207207207207205,4_real,0.1680758804186213
4.224474474474475,4_real,0.16776148569023802
4.228228228228229,4_real,0.16744805022299739
4.231981981981982,4_real,0.167135569633792
4.2357357357357355,4_real,0.16682403956791342
4.23948948948949,4_real,0.1665134556988052
4.243243243243244,4_real,0.16620381372781937
4.246996996996997,4_real,0.16589510938397503
4.2507507507507505,4_real,0.165587338423719
4.254504504504505,4_real,0.16528049663068828
4.258258258258259,4_real,0.16497457981548058
4.262012012012012,4_real,0.16466958381541852
4.2657657657657655,4_real,0.16436550449432366
4.26951951951952,4_real,0.1640623377422905
4.273273273273274,4_real,0.16376007947546226
4.277027027027027,4_real,0.16345872563580868
4.2807807807807805,4_real,0.16315827219090975
4.284534534534535,4_real,0.16285871513373715
4.288288288288289,4_real,0.16256005048244057
4.292042042042042,4_real,0.1622622742801366
4.2957957957957955,4_real,0.16196538259469836
4.29954954954955,4_real,0.16166937151854913
4.303303303303304,4_real,0.1613742371684558
4.307057057057057,4_real,0.16107997568532728
4.3108108108108105,4_real,0.1607865832340132
4.314564564564565,4_real,0.160494056003105
4.318318318318319,4_real,0.1602023902047397
4.322072072072072,4_real,0.15991158207440553
4.3258258258258255,4_real,0.1596216278707488
4.32957957957958,4_real,0.15933252387538452
4.333333333333334,4_real,0.15904426639270663
4.337087087087087,4_real,0.1587568517497029
4.3408408408408405,4_real,0.15847027629576882
4.344594594594595,4_real,0.15818453640252683
4.348348348348349,4_real,0.15789962846364372
4.352102102102102,4_real,0.15761554889465307
4.3558558558558556,4_real,0.15733229413277772
4.35960960960961,4_real,0.15704986063675427
4.363363363363364,4_real,0.1567682448866602
4.367117117117117,4_real,0.15648744338374185
4.370870870870871,4_real,0.15620745265024535
4.374624624624625,4_real,0.15592826922924624
4.378378378378379,4_real,0.1556498896844868
4.382132132132132,4_real,0.15537231060020698
4.385885885885886,4_real,0.15509552858098438
4.38963963963964,4_real,0.15481954025157163
4.393393393393394,4_real,0.15454434225673702
4.397147147147147,4_real,0.15426993126110536
4.400900900900901,4_real,0.15399630394900293
4.404654654654655,4_real,0.15372345702430049
4.408408408408409,4_real,0.15345138721026153
4.412162162162162,4_real,0.15318009124938944
4.415915915915916,4_real,0.15290956590327665
4.41966966966967,4_real,0.1526398079524574
4.423423423423424,4_real,0.15237081419625698
4.427177177177177,4_real,0.15210258145264985
4.430930930930931,4_real,0.15183510655811122
4.434684684684685,4_real,0.1515683863674768
4.438438438438439,4_real,0.15130241775379896
4.442192192192192,4_real,0.15103719760820722
4.445945945945946,4_real,0.15077272283977047
4.4496996996997,4_real,0.15050899037535564
4.453453453453454,4_real,0.15024599715949533
4.457207207207207,4_real,0.14998374015425198
4.460960960960961,4_real,0.14972221633908148
4.464714714714715,4_real,0.14946142271070414
4.468468468468469,4_real,0.14920135628297182
4.472222222222222,4_real,0.14894201408673885
4.475975975975976,4_real,0.14868339316973217
4.47972972972973,4_real,0.14842549059642524
4.483483483483484,4_real,0.1481683034479117
4.487237237237237,4_real,0.14791182882178042
4.490990990990991,4_real,0.14765606383199043
4.494744744744745,4_real,0.14740100560875063
4.498498498498499,4_real,0.14714665129839635
4.502252252252252,4_real,0.1468929980632702
4.506006006006006,4_real,0.14664004308160308
4.50975975975976,4_real,0.14638778354739454
4.513513513513514,4_real,0.1461362166702988
4.517267267267267,4_real,0.14588533967550546
4.521021021021021,4_real,0.14563514980362774
4.524774774774775,4_real,0.14538564431058726
4.528528528528529,4_real,0.14513682046750176
4.532282282282282,4_real,0.1448886755605743
4.536036036036036,4_real,0.1446412068909809
4.53978978978979,4_real,0.1443944117747635
4.543543543543544,4_real,0.14414828754271955
4.547297297297297,4_real,0.14390283154029618
4.551051051051051,4_real,0.14365804112748157
4.554804804804805,4_real,0.14341391367870215
4.558558558558559,4_real,0.1431704465827159
4.562312312312312,4_real,0.1429276372425098
4.566066066066066,4_real,0.1426854830751968
4.56981981981982,4_real,0.14244398151191479
4.573573573573574,4_real,0.142203129997725
4.577327327327327,4_real,0.14196292599151336
4.581081081081081,4_real,0.14172336696588986
4.584834834834835,4_real,0.14148445040709193
4.588588588588589,4_real,0.1412461738148868
4.592342342342342,4_real,0.14100853470247554
4.596096096096096,4_real,0.1407715305963974
4.59984984984985,4_real,0.14053515903643463
4.603603603603604,4_real,0.1402994175755202
4.607357357357357,4_real,0.14006430377964377
4.611111111111111,4_real,0.1398298152277603
4.614864864864865,4_real,0.13959594951169818
4.618618618618619,4_real,0.13936270423607003
4.622372372372372,4_real,0.13913007701818123
4.626126126126126,4_real,0.1388980654879437
4.62987987987988,4_real,0.13866666728778487
4.633633633633634,4_real,0.13843588007256333
4.637387387387387,4_real,0.13820570150948047
4.641141141141141,4_real,0.13797612927799505
4.644894894894895,4_real,0.13774716106973922
4.648648648648649,4_real,0.13751879458843294
4.652402402402402,4_real,0.1372910275498016
4.656156156156156,4_real,0.13706385768149293
4.65990990990991,4_real,0.13683728272299495
4.663663663663664,4_real,0.13661130042555403
4.6674174174174174,4_real,0.13638590855209576
4.671171171171171,4_real,0.13616110487714356
4.674924924924925,4_real,0.13593688718674035
4.678678678678679,4_real,0.13571325327836933
4.6824324324324325,4_real,0.13549020096087772
4.686186186186186,4_real,0.13526772805439646
4.68993993993994,4_real,0.13504583239026755
4.693693693693694,4_real,0.13482451181096497
4.6974474474474475,4_real,0.13460376417002134
4.701201201201201,4_real,0.13438358733195271
4.704954954954955,4_real,0.13416397917218426
4.708708708708709,4_real,0.13394493757697754
4.7124624624624625,4_real,0.13372646044335812
4.716216216216216,4_real,0.13350854567904236
4.71996996996997,4_real,0.13329119120236688
4.723723723723724,4_real,0.1330743949422172
4.7274774774774775,4_real,0.1328581548379582
4.731231231231231,4_real,0.13264246883936323
4.734984984984985,4_real,0.132427334906546
4.738738738738739,4_real,0.13221275100989194
4.7424924924924925,4_real,0.13199871512999004
4.746246246246246,4_real,0.13178522525756522
4.75,4_real,0.13157227939341234
