pseudotime,pseudotime_index,cluster,pca_comp,value
0.31947902,664,5,0,0.9993587
0.3250713,665,5,0,0.9689494
0.32788643,666,5,0,0.94363385
0.33379212,667,5,0,0.9120578
0.33889386,668,5,0,0.9631124
0.35966438,669,5,0,0.51189506
0.361465,670,5,0,0.49357328
0.36385068,671,5,0,0.58157766
0.37128103,672,5,0,0.513934
0.3746114,673,5,0,0.63397527
0.3780818,674,5,0,0.4009949
0.38257623,675,5,0,0.34413722
0.3858794,676,5,0,0.25310266
0.38689575,677,5,0,0.2107816
0.39107963,678,5,0,0.33859357
0.39932215,679,5,0,0.14008364
0.40389606,680,5,0,0.15759096
0.40493307,681,5,0,0.050129022
0.40806183,682,5,0,0.09611338
0.40907484,683,5,0,-0.13072732
0.4108475,684,5,0,-0.031389393
0.41316986,685,5,0,-0.08216636
0.41670835,686,5,0,-0.11277791
0.4179559,687,5,0,-0.13601972
0.4210905,688,5,0,-0.24318458
0.4212921,689,5,0,-0.033798106
0.42291167,690,5,0,-0.30442154
0.42743686,691,5,0,-0.30475834
0.42783245,692,5,0,-0.33507252
0.42836356,693,5,0,-0.26566678
0.4304844,694,5,0,-0.3048732
0.43130544,695,5,0,-0.36182615
0.43278855,696,5,0,-0.53736675
0.4334783,697,5,0,-0.4118374
0.44256583,698,5,0,-0.49326313
0.44602007,699,5,0,-0.45935416
0.4473985,700,5,0,-0.52713686
0.44781584,701,5,0,-0.6491607
0.44967297,702,5,0,-0.66658974
0.45465595,703,5,0,-0.66210514
0.46067154,704,5,0,-0.8057446
0.4676976,705,5,0,-0.83201456
0.47145623,706,5,0,-0.94095916
0.47799823,707,5,0,-1.1142855
0.47809592,708,5,0,-1.0143412
0.47922197,709,5,0,-1.1125737
0.4889981,710,5,0,-1.3233941
0.49376398,711,5,0,-1.2964147
0.4969428,712,5,0,-1.2351243
0.49827123,713,5,0,-1.3175337
0.50184005,714,5,0,-1.3950223
0.50393045,715,5,0,-1.3663118
0.5150916,716,5,0,-1.535126
0.5204292,717,5,0,-1.3701504
0.5210573,718,5,0,-1.5235947
0.5226173,719,5,0,-1.7008911
0.52691483,720,5,0,-1.7316762
0.5269752,721,5,0,-1.7015133
0.5271715,722,5,0,-1.6943209
0.5275566,723,5,0,-1.5946853
0.53107804,724,5,0,-1.8158649
0.5311333,725,5,0,-1.7003706
0.53566456,726,5,0,-1.7282643
0.5362405,727,5,0,-1.8905109
0.5367654,728,5,0,-1.8765482
0.5437371,729,5,0,-1.969418
0.54658383,730,5,0,-1.8821858
0.54746187,731,5,0,-2.1659985
0.55192465,732,5,0,-2.138144
0.5632145,733,5,0,-2.1085076
0.56492263,734,5,0,-2.2612972
0.56884885,735,5,0,-2.332898
0.57143146,736,5,0,-2.3831067
0.5726982,737,5,0,-2.478761
0.5739387,738,5,0,-2.313658
0.5749665,739,5,0,-2.2916274
0.5770707,740,5,0,-2.5075412
0.5798603,741,5,0,-2.4640095
0.5812634,742,5,0,-2.420482
0.58516747,743,5,0,-2.755675
0.5869231,744,5,0,-2.6028507
0.5877568,745,5,0,-2.5044289
0.5890684,746,5,0,-2.6298018
0.5957076,747,5,0,-2.7074635
0.59688216,748,5,0,-2.7248595
0.59877026,749,5,0,-2.8277364
0.5999444,750,5,0,-2.8304148
0.6013746,751,5,0,-2.808591
0.6048462,752,5,0,-2.886401
0.6078696,753,5,0,-2.9862876
0.61277384,754,5,0,-3.019006
0.6182356,755,5,0,-3.1444416
0.6186464,756,5,0,-3.1757164
0.6228127,757,5,0,-3.2729523
0.62539965,758,5,0,-3.2766728
0.6256511,759,5,0,-3.3357987
0.6264825,760,5,0,-3.3010488
0.6280718,761,5,0,-3.3081129
0.62889254,762,5,0,-3.4126937
0.62892306,763,5,0,-3.4799953
0.6289288,764,5,0,-3.4223087
0.6337474,765,5,0,-3.4514518
0.6348068,766,5,0,-3.53729
0.63572353,767,5,0,-3.5619926
0.6357246,768,5,0,-3.416248
0.6360798,769,5,0,-3.6117501
0.63704526,770,5,0,-3.5258691
0.63723415,771,5,0,-3.622603
0.6380746,772,5,0,-3.665399
0.63825583,773,5,0,-3.6412468
0.63969475,774,5,0,-3.6437368
0.64094335,775,5,0,-3.6402802
0.64256054,776,5,0,-3.68981
0.64379734,777,5,0,-3.8108187
0.6440678,778,5,0,-3.8826623
0.64444077,779,5,0,-3.958634
0.6455218,780,5,0,-3.8228297
0.6458339,781,5,0,-3.8479736
0.6469734,782,5,0,-3.8295996
0.6473318,783,5,0,-3.9014497
0.6480122,784,5,0,-4.007778
0.6486608,785,5,0,-3.918411
0.64872783,786,5,0,-4.033288
0.64887655,787,5,0,-3.9023714
0.64904296,788,5,0,-3.5118108
0.65048075,789,5,0,-4.0732074
0.65055484,790,5,0,-3.9860327
0.650911,791,5,0,-4.044021
0.6511613,792,5,0,-3.989521
0.65253913,793,5,0,-4.052054
0.6527707,794,5,0,-3.812607
0.6527983,795,5,0,-4.1060343
0.65318775,796,5,0,-4.2312517
0.6537433,797,5,0,-4.1919994
0.65391034,798,5,0,-4.139105
0.6544877,799,5,0,-4.2187166
0.65455484,800,5,0,-4.1665587
0.6546019,801,5,0,-4.143022
0.65561885,802,5,0,-3.8875546
0.6558261,803,5,0,-4.2487273
0.6559665,804,5,0,-4.21768
0.6563691,805,5,0,-4.232095
0.6579243,806,5,0,-4.398772
0.6581294,807,5,0,-4.3013854
0.65858436,808,5,0,-4.3039813
0.6587085,809,5,0,-4.4425282
0.6597096,810,5,0,-4.3450637
0.66010594,811,5,0,-4.49783
0.66058606,812,5,0,-4.475172
0.66096044,813,5,0,-4.406839
0.66102034,814,5,0,-4.3048897
0.6610741,815,5,0,-4.5436606
0.6625366,816,5,0,-4.443815
0.6635411,817,5,0,-4.6627903
0.6637776,818,5,0,-4.56961
0.66455066,819,5,0,-4.6364107
0.6660908,820,5,0,-4.5454154
0.6666379,821,5,0,-4.770368
0.66678655,822,5,0,-4.569626
0.6687522,823,5,0,-4.8036942
0.6694779,824,5,0,-4.7336597
0.67162067,825,5,0,-4.705675
0.67200387,826,5,0,-4.8965116
0.6723641,827,5,0,-4.658331
0.67245275,828,5,0,-4.731959
0.6725024,829,5,0,-4.913661
0.67254126,830,5,0,-5.0902147
0.6725976,831,5,0,-4.666863
0.67355436,832,5,0,-4.445173
0.6735895,833,5,0,-4.573421
0.6736259,834,5,0,-4.9644966
0.6739024,835,5,0,-4.9784217
0.6742296,836,5,0,-4.6058187
0.67446625,837,5,0,-4.952286
0.674835,838,5,0,-4.649312
0.67498314,839,5,0,-4.5042
0.67536974,840,5,0,-4.660693
0.67538595,841,5,0,-4.947066
0.67587173,842,5,0,-4.6835456
0.67604,843,5,0,-4.6941075
0.67692477,844,5,0,-4.8751006
0.6778044,845,5,0,-4.961807
0.6778092,846,5,0,-4.8998423
0.67798924,847,5,0,-4.759097
0.6782659,848,5,0,-5.169885
0.6784632,849,5,0,-5.2124987
0.67859894,850,5,0,-4.2708564
0.6786741,851,5,0,-5.1606092
0.6789979,852,5,0,-5.1890903
0.679045,853,5,0,-4.6936073
0.67955184,854,5,0,-4.9551125
0.6795744,855,5,0,-5.020392
0.6797603,856,5,0,-5.2206464
0.67991394,857,5,0,-4.9675355
0.679952,858,5,0,-4.9902678
0.6799602,859,5,0,-5.1495485
0.68039924,860,5,0,-5.048663
0.68091094,861,5,0,-4.812331
0.6809968,862,5,0,-5.3356514
0.68174076,863,5,0,-5.225797
0.68253195,864,5,0,-5.10994
0.68257344,865,5,0,-4.932076
0.6826632,866,5,0,-5.305401
0.6828178,867,5,0,-5.3340225
0.682975,868,5,0,-4.9680414
0.68438023,869,5,0,-5.022437
0.6843893,870,5,0,-5.190607
0.6845103,871,5,0,-5.1319585
0.6845506,872,5,0,-5.029985
0.6851906,873,5,0,-5.156824
0.6853134,874,5,0,-5.143407
0.68602294,875,5,0,-5.2666125
0.68693227,876,5,0,-5.1790166
0.68695956,877,5,0,-5.313151
0.6872327,878,5,0,-4.798434
0.6886268,879,5,0,-4.9296565
0.69012946,880,5,0,-5.282839
0.694205,881,5,0,-5.5945544
0.6946636,882,5,0,-5.2980776
0.6982267,883,5,0,-5.6111054
0.6983789,884,5,0,-5.634694
0.6985281,885,5,0,-5.515058
0.6990735,886,5,0,-5.669214
0.69959027,887,5,0,-5.554705
0.7007118,888,5,0,-5.7464805
0.700902,889,5,0,-5.658356
0.70283544,890,5,0,-5.7194633
0.70303184,891,3,0,-5.846363
0.7030689,892,6,0,-7.1886387
0.70315796,893,3,0,-5.88293
0.7031658,894,3,0,-5.874744
0.70394695,895,6,0,-7.0788493
0.70398384,896,6,0,-7.113774
0.7043365,897,3,0,-6.1427093
0.704737,898,6,0,-7.170759
0.70499986,899,6,0,-7.0812426
0.7050096,900,6,0,-7.054387
0.7051946,901,6,0,-7.0884237
0.70526797,902,5,0,-5.8110065
0.7052958,903,3,0,-6.040019
0.7053414,904,6,0,-7.144457
0.705631,905,3,0,-5.957212
0.705748,906,6,0,-7.1278315
0.705762,907,3,0,-5.875267
0.7058875,908,6,0,-7.162944
0.70588875,909,6,0,-7.1254296
0.7059111,910,6,0,-7.16054
0.70593005,911,6,0,-6.2944355
0.70601547,912,3,0,-5.505575
0.7060336,913,5,0,-5.7862954
0.706098,914,6,0,-7.187732
0.70612407,915,3,0,-6.198585
0.7061295,916,3,0,-6.1394453
0.70614576,917,6,0,-6.223691
0.70614976,918,3,0,-6.0092382
0.70622945,919,5,0,-5.8583393
0.7062943,920,3,0,-5.4957047
0.70630807,921,6,0,-7.1780195
0.70636195,922,5,0,-5.8644056
0.7064351,923,6,0,-7.0787473
0.70658195,924,6,0,-7.11613
0.70671654,925,6,0,-7.151153
0.70674115,926,6,0,-7.1403065
0.7067432,927,3,0,-5.5590715
0.7068051,928,6,0,-7.1390705
0.70695275,929,6,0,-7.1072855
0.7070604,930,6,0,-7.1901703
0.70740575,931,3,0,-5.85053
0.7074622,932,6,0,-6.3410883
0.707489,933,6,0,-6.2839437
0.7075635,934,3,0,-5.732018
0.70759034,935,6,0,-7.0972466
0.7076788,936,6,0,-5.869198
0.70771724,937,6,0,-5.8720365
0.70790005,938,6,0,-7.094848
0.7080095,939,6,0,-7.111347
0.70802057,940,6,0,-7.1015453
0.7080901,941,6,0,-6.3563457
0.7082474,942,6,0,-7.1104646
0.70830154,943,6,0,-7.180265
0.7083701,944,5,0,-5.9032316
0.7084371,945,6,0,-7.096183
0.7085093,946,6,0,-6.3956957
0.7087905,947,6,0,-6.4311914
0.70892406,948,6,0,-6.719695
0.70903146,949,6,0,-6.6120977
0.70904684,950,6,0,-6.6060624
0.70906,951,6,0,-6.391928
0.7091138,952,6,0,-6.4656353
0.7091645,953,6,0,-6.9550576
0.70927286,954,6,0,-7.0289006
0.7092975,955,3,0,-5.6663322
0.70930034,956,3,0,-5.4031076
0.70931166,957,6,0,-6.403298
0.7095149,958,6,0,-6.9062004
0.70969313,959,6,0,-6.9356804
0.7098708,960,6,0,-7.11433
0.7099481,961,3,0,-5.603746
0.71001303,962,6,0,-6.7254534
0.71004575,963,6,0,-6.9378824
0.7100927,964,6,0,-6.9513097
0.7108064,965,3,0,-5.519766
0.7108812,966,6,0,-6.6213827
0.7109186,967,3,0,-5.380494
0.7110114,968,6,0,-6.6516848
0.7111135,969,3,0,-5.7453923
0.71117777,970,6,0,-6.749528
0.7112027,971,6,0,-6.720501
0.71120673,972,6,0,-6.6287823
0.71143913,973,3,0,-5.40701
0.71154475,974,6,0,-6.8267193
0.7116967,975,6,0,-6.7516937
0.7119403,976,6,0,-6.1231313
0.71198094,977,6,0,-6.1267424
0.71200615,978,6,0,-6.7605333
0.712085,979,6,0,-6.941805
0.71227574,980,6,0,-7.0305104
0.71233606,981,6,0,-6.916384
0.7126084,982,3,0,-5.6935673
0.71266246,983,6,0,-7.016835
0.7130256,984,6,0,-6.919813
0.7130436,985,6,0,-7.042066
0.71305555,986,6,0,-6.758898
0.71350336,987,6,0,-7.0632305
0.71357113,988,3,0,-5.646133
0.7135724,989,3,0,-5.204602
0.7138197,990,6,0,-6.7062287
0.7138617,991,6,0,-6.6616096
0.71403605,992,6,0,-6.908645
0.7141769,993,6,0,-6.858364
0.71433616,994,6,0,-7.064913
0.71434593,995,6,0,-7.0020795
0.7144136,996,3,0,-5.492678
0.7145096,997,6,0,-6.9912605
0.7146859,998,3,0,-5.174757
0.7146916,999,6,0,-6.941687
0.714757,1000,6,0,-6.9170594
0.7148382,1001,6,0,-6.933111
0.71504045,1002,3,0,-5.448506
0.71518934,1003,6,0,-6.9279604
0.7153835,1004,6,0,-7.0052233
0.7156783,1005,6,0,-6.9415903
0.7160449,1006,3,0,-4.994618
0.71613365,1007,3,0,-5.169152
0.716412,1008,6,0,-6.893303
0.71649516,1009,3,0,-5.334963
0.71650696,1010,6,0,-7.0566397
0.71680135,1011,6,0,-7.0158157
0.7168393,1012,3,0,-5.5332212
0.71691877,1013,6,0,-6.562743
0.7174527,1014,3,0,-5.3665404
0.71749294,1015,6,0,-7.005119
0.7175317,1016,6,0,-6.929388
0.7180666,1017,6,0,-6.833075
0.7184352,1018,6,0,-6.9519114
0.71865994,1019,3,0,-5.306331
0.7186712,1020,6,0,-7.023646
0.7193319,1021,6,0,-6.7964287
0.71942514,1022,6,0,-6.931055
0.719845,1023,3,0,-5.4300714
0.7200594,1024,6,0,-6.800264
0.72037774,1025,6,0,-6.5810776
0.72049963,1026,3,0,-5.1746826
0.7205183,1027,6,0,-6.859106
0.7207307,1028,3,0,-5.210427
0.72139186,1029,3,0,-5.2489486
0.72146106,1030,6,0,-6.714719
0.72174484,1031,3,0,-5.2212157
0.7218554,1032,6,0,-6.8649583
0.72196174,1033,6,0,-6.7810726
0.7221149,1034,6,0,-6.668588
0.7222832,1035,6,0,-6.696738
0.7223009,1036,3,0,-5.2352858
0.72293454,1037,6,0,-6.5606346
0.7229879,1038,6,0,-6.66966
0.7240304,1039,3,0,-5.3236923
0.7241086,1040,6,0,-6.4532433
0.7242924,1041,3,0,-5.337517
0.7246926,1042,6,0,-6.448996
0.7251056,1043,6,0,-6.710346
0.7251496,1044,3,0,-5.2745004
0.7252923,1045,6,0,-6.6296396
0.7254248,1046,6,0,-6.3793144
0.72566086,1047,6,0,-6.6931977
0.7260699,1048,6,0,-6.641057
0.72621536,1049,6,0,-6.598574
0.72632504,1050,3,0,-5.2520247
0.7266141,1051,3,0,-5.2466826
0.72716606,1052,6,0,-6.394897
0.72731787,1053,3,0,-4.8550878
0.7277789,1054,3,0,-4.9926996
0.7284944,1055,3,0,-4.9376884
0.7295024,1056,6,0,-6.5331445
0.7295519,1057,6,0,-6.5922327
0.7301822,1058,6,0,-6.5383554
0.7311975,1059,6,0,-6.53846
0.73254657,1060,3,0,-4.73202
0.7331196,1061,4,0,-5.974309
0.73347425,1062,4,0,-5.9630117
0.73363,1063,3,0,-4.970629
0.73382705,1064,3,0,-5.0211334
0.7343445,1065,3,0,-4.984091
0.73466706,1066,3,0,-5.0005727
0.7346688,1067,4,0,-5.91043
0.73567986,1068,4,0,-6.1218505
0.73582256,1069,4,0,-6.049255
0.73595923,1070,4,0,-5.1358986
0.73689914,1071,4,0,-6.1711035
0.7372012,1072,4,0,-5.9869776
0.737553,1073,3,0,-4.8908906
0.73802507,1074,4,0,-6.0370946
0.7380548,1075,3,0,-4.58683
0.73810154,1076,4,0,-6.4887567
0.7382079,1077,4,0,-6.3196163
0.7382692,1078,3,0,-4.727232
0.7383679,1079,3,0,-4.88867
0.73891485,1080,4,0,-6.054213
0.7393409,1081,4,0,-5.72058
0.7394677,1082,4,0,-6.047526
0.7399157,1083,3,0,-4.847963
0.7401715,1084,4,0,-5.826146
0.74063605,1085,3,0,-4.5082827
0.7415658,1086,3,0,-4.829413
0.7424526,1087,3,0,-4.802288
0.7425914,1088,3,0,-4.8352404
0.74262494,1089,4,0,-6.4534397
0.742658,1090,3,0,-4.8062267
0.74335545,1091,3,0,-4.78548
0.743605,1092,4,0,-6.3564234
0.74398553,1093,3,0,-4.6664968
0.7441948,1094,4,0,-6.3936014
0.7445003,1095,4,0,-6.2961493
0.7447495,1096,4,0,-5.826191
0.7448256,1097,3,0,-4.807624
0.745049,1098,3,0,-4.3449855
0.74560887,1099,6,0,-7.0277414
0.74600106,1100,3,0,-4.625193
0.7460188,1101,3,0,-4.4338484
0.74632025,1102,3,0,-4.32438
0.7465884,1103,3,0,-4.8869376
0.7466667,1104,6,0,-6.99682
0.7467122,1105,3,0,-4.3148355
0.74674034,1106,4,0,-6.0371366
0.7467579,1107,4,0,-5.5399804
0.7468763,1108,3,0,-4.4033737
0.74768656,1109,4,0,-6.424282
0.7478945,1110,4,0,-6.4199004
0.7482517,1111,3,0,-4.857916
0.74858576,1112,3,0,-4.6982164
0.74882185,1113,6,0,-7.037234
0.7490089,1114,3,0,-4.6318297
0.749391,1115,3,0,-4.3652663
0.7500621,1116,3,0,-4.7063723
0.7500948,1117,3,0,-4.718477
0.750111,1118,3,0,-4.5984116
0.7509531,1119,4,0,-6.3183317
0.75101787,1120,3,0,-4.3346505
0.75107276,1121,3,0,-4.6328053
0.75180364,1122,6,0,-7.0118365
0.75275326,1123,4,0,-5.621987
0.7530635,1124,3,0,-4.5420313
0.7536863,1125,4,0,-6.1828413
0.75407106,1126,4,0,-6.2130475
0.75415844,1127,4,0,-5.3558435
0.7541755,1128,6,0,-7.03143
0.7549756,1129,4,0,-5.599587
0.7550785,1130,3,0,-4.8806467
0.75515336,1131,4,0,-5.9514604
0.75529027,1132,4,0,-5.370454
0.75529563,1133,3,0,-4.51281
0.7555177,1134,4,0,-6.233711
0.7555643,1135,4,0,-6.380334
0.7557162,1136,3,0,-4.263226
0.75616735,1137,6,0,-7.057485
0.7563325,1138,3,0,-4.453276
0.7567314,1139,4,0,-6.1913643
0.7574017,1140,4,0,-5.556494
0.75765014,1141,4,0,-5.2496405
0.75769424,1142,4,0,-5.635514
0.75864804,1143,4,0,-6.1763263
0.7594416,1144,3,0,-4.514055
0.7603065,1145,3,0,-4.4481583
0.7605612,1146,4,0,-5.4438853
0.7607028,1147,3,0,-4.266998
0.76083523,1148,4,0,-5.699042
0.7610064,1149,3,0,-3.9144642
0.7610731,1150,4,0,-5.732258
0.7611102,1151,3,0,-4.081677
0.76173514,1152,4,0,-5.2436223
0.7617677,1153,4,0,-5.92484
0.76183146,1154,3,0,-4.188309
0.7618864,1155,3,0,-3.4211354
0.7620235,1156,4,0,-6.0272713
0.76208,1157,4,0,-5.7276106
0.76210237,1158,3,0,-3.4766138
0.7622926,1159,4,0,-5.9798098
0.7623248,1160,3,0,-4.1751804
0.7624269,1161,3,0,-3.4833133
0.76243854,1162,3,0,-3.3787274
0.7624576,1163,3,0,-3.9695718
0.76247346,1164,4,0,-5.69674
0.7625356,1165,3,0,-3.734356
0.76257116,1166,3,0,-3.3995917
0.7626882,1167,3,0,-3.631597
0.7627148,1168,4,0,-5.95301
0.7627212,1169,3,0,-3.7027702
0.76283526,1170,3,0,-3.4585805
0.7629463,1171,4,0,-5.566217
0.76301,1172,3,0,-3.4990551
0.763088,1173,4,0,-6.1009793
0.76314074,1174,3,0,-3.89037
0.7631816,1175,4,0,-5.570816
0.76331383,1176,3,0,-4.565614
0.7633786,1177,3,0,-3.7382114
0.7633913,1178,3,0,-3.739424
0.76339215,1179,3,0,-3.8692296
0.763419,1180,4,0,-5.5543876
0.7634566,1181,3,0,-3.6598868
0.7635255,1182,3,0,-3.9322999
0.76353735,1183,3,0,-3.8263721
0.76356727,1184,3,0,-3.7639503
0.76359165,1185,3,0,-3.7874775
0.7636424,1186,3,0,-3.9237387
0.7637348,1187,3,0,-4.151928
0.7637543,1188,3,0,-3.788337
0.7638726,1189,3,0,-3.789146
0.7641838,1190,3,0,-3.6102352
0.76424354,1191,3,0,-3.63038
0.76425236,1192,3,0,-3.9124885
0.7643173,1193,3,0,-3.528264
0.7643529,1194,3,0,-4.0581365
0.76436305,1195,3,0,-3.6978693
0.7643759,1196,3,0,-4.032901
0.7643853,1197,3,0,-3.6948261
0.7643995,1198,3,0,-4.242361
0.7644667,1199,3,0,-3.6370509
0.76449573,1200,3,0,-3.9454126
0.7646555,1201,3,0,-4.096533
0.76466274,1202,3,0,-4.228766
0.76467466,1203,4,0,-5.392616
0.7648389,1204,4,0,-5.370047
0.7650324,1205,3,0,-4.478031
0.76504993,1206,3,0,-3.7415578
0.76513195,1207,3,0,-3.5245106
0.7653381,1208,3,0,-4.1192136
0.76535463,1209,3,0,-4.1151133
0.7653852,1210,3,0,-3.973318
0.7654559,1211,3,0,-4.061508
0.76549256,1212,3,0,-3.6971793
0.7655729,1213,3,0,-4.23092
0.76557523,1214,3,0,-4.459434
0.7655777,1215,3,0,-4.289049
0.7657113,1216,3,0,-3.9396367
0.7657171,1217,3,0,-3.5120525
0.76574475,1218,3,0,-4.285978
0.7657534,1219,3,0,-4.093373
0.76581717,1220,3,0,-3.9025614
0.76582307,1221,3,0,-4.263905
0.76588863,1222,3,0,-3.679263
0.76588887,1223,3,0,-3.846749
0.7658948,1224,3,0,-3.9871929
0.76593065,1225,3,0,-3.7789414
0.7659439,1226,3,0,-4.273824
0.766009,1227,3,0,-3.811514
0.76602674,1228,3,0,-3.7261415
0.7660989,1229,3,0,-3.800399
0.7662061,1230,3,0,-3.6786537
0.7662393,1231,4,0,-6.129503
0.76628923,1232,3,0,-4.3858247
0.7663013,1233,3,0,-3.5381217
0.76651835,1234,3,0,-4.336525
0.76656944,1235,3,0,-4.2189007
0.7666096,1236,3,0,-3.9914296
0.7666906,1237,3,0,-4.053376
0.7667288,1238,3,0,-3.8240726
0.7668309,1239,3,0,-4.0490327
0.7668374,1240,4,0,-5.5528574
0.7668771,1241,3,0,-4.193727
0.7669717,1242,3,0,-3.5359209
0.766988,1243,3,0,-4.240186
0.7669938,1244,3,0,-4.0298185
0.7670162,1245,3,0,-4.2339215
0.7670238,1246,3,0,-4.053444
0.7673295,1247,3,0,-3.4577293
0.76739204,1248,3,0,-3.4813364
0.76763093,1249,3,0,-3.6376178
0.7677628,1250,3,0,-3.562581
0.76784253,1251,3,0,-3.9008393
0.76785594,1252,3,0,-3.7480822
0.7678697,1253,4,0,-5.7186365
0.7678906,1254,3,0,-4.2956953
0.767935,1255,3,0,-3.9249384
0.7679618,1256,6,0,-7.023633
0.7680333,1257,3,0,-3.8082159
0.7680392,1258,3,0,-3.8904126
0.7680401,1259,3,0,-3.3487074
0.76805466,1260,3,0,-4.1541123
0.7681047,1261,3,0,-4.158673
0.76812166,1262,3,0,-4.268466
0.7682909,1263,3,0,-3.5862777
0.7682924,1264,3,0,-3.7262444
0.7685354,1265,3,0,-4.3498588
0.7686063,1266,3,0,-4.2512407
0.7686428,1267,4,0,-5.322938
0.76869303,1268,4,0,-5.594782
0.76882863,1269,3,0,-3.560925
0.76888686,1270,3,0,-3.7617803
0.76888967,1271,4,0,-5.4866304
0.768912,1272,3,0,-3.8697474
0.76897234,1273,3,0,-3.8789923
0.76901203,1274,4,0,-5.669407
0.76908386,1275,3,0,-3.8337555
0.7693346,1276,3,0,-3.8579586
0.76933825,1277,4,0,-5.3024344
0.7697846,1278,3,0,-3.7794719
0.76988274,1279,3,0,-4.2075496
0.7699526,1280,3,0,-3.6332736
0.77014935,1281,3,0,-4.0733833
0.7701863,1282,3,0,-4.370417
0.7702539,1283,4,0,-5.272416
0.770272,1284,4,0,-5.6263313
0.7706175,1285,3,0,-3.391623
0.77065825,1286,3,0,-4.0901012
0.7707984,1287,3,0,-3.810343
0.77082765,1288,3,0,-3.7561064
0.77085954,1289,4,0,-5.615331
0.77095014,1290,3,0,-4.367314
0.7710689,1291,4,0,-5.5717525
0.7710824,1292,3,0,-3.6346421
0.77108794,1293,4,0,-6.209027
0.77111864,1294,3,0,-3.8289533
0.77131945,1295,3,0,-4.2258644
0.77132374,1296,3,0,-3.7579467
0.77135473,1297,3,0,-4.0053716
0.77142936,1298,3,0,-3.394775
0.7714326,1299,3,0,-3.6662865
0.7715158,1300,4,0,-5.23977
0.7715289,1301,3,0,-3.3985188
0.77153265,1302,4,0,-5.9078064
0.771559,1303,3,0,-3.406885
0.7715625,1304,3,0,-4.312297
0.77157366,1305,4,0,-5.2810516
0.77175313,1306,3,0,-4.2095823
0.7717747,1307,3,0,-3.8874824
0.7718992,1308,3,0,-3.888033
0.77191097,1309,3,0,-4.1582046
0.7719609,1310,3,0,-3.4794984
0.7720185,1311,3,0,-3.5456448
0.7720833,1312,3,0,-3.5311234
0.7720992,1313,3,0,-3.8356888
0.77210164,1314,3,0,-3.480181
0.7721459,1315,3,0,-3.4798522
0.7723007,1316,4,0,-5.739873
0.7723438,1317,4,0,-5.584022
0.77234846,1318,3,0,-3.53035
0.7725301,1319,3,0,-3.823565
0.77267355,1320,3,0,-4.086143
0.7727195,1321,3,0,-4.074504
0.7730278,1322,3,0,-4.1355543
0.77309465,1323,3,0,-3.5356376
0.773331,1324,3,0,-3.5348516
0.7734734,1325,3,0,-3.4349067
0.77347445,1326,3,0,-3.5353355
0.77358395,1327,3,0,-4.215756
0.77364475,1328,4,0,-5.348664
0.7736677,1329,3,0,-4.2164154
0.77367854,1330,3,0,-4.0180106
0.77385855,1331,4,0,-5.132121
0.7738622,1332,4,0,-5.6543837
0.7739091,1333,4,0,-5.494893
0.7739591,1334,4,0,-5.49371
0.773963,1335,3,0,-3.4475715
0.77401483,1336,4,0,-5.543637
0.774076,1337,3,0,-4.3259497
0.77417755,1338,3,0,-3.8170433
0.7742891,1339,4,0,-5.48377
0.7743566,1340,3,0,-4.248687
0.7743824,1341,3,0,-3.4879541
0.7744642,1342,4,0,-5.5240064
0.7744865,1343,4,0,-5.5203395
0.77458805,1344,4,0,-4.999079
0.77473664,1345,4,0,-5.408396
0.774744,1346,3,0,-4.2954154
0.77481556,1347,3,0,-3.6745787
0.7748803,1348,3,0,-3.6734009
0.774965,1349,4,0,-4.8210235
0.77509195,1350,4,0,-5.4134073
0.77517515,1351,3,0,-4.253376
0.7752171,1352,3,0,-3.9352536
0.77525616,1353,4,0,-5.331781
0.77526003,1354,3,0,-3.9549239
0.7752945,1355,4,0,-5.390857
0.7754113,1356,4,0,-5.165071
0.7756162,1357,3,0,-3.9982402
0.7757702,1358,4,0,-5.5037603
0.7759056,1359,4,0,-4.7936945
0.77598673,1360,4,0,-5.4060383
0.7760519,1361,3,0,-3.7192311
0.77612996,1362,4,0,-5.373535
0.7763208,1363,3,0,-3.7173688
0.77636325,1364,4,0,-5.3878975
0.7765624,1365,4,0,-5.397767
0.7765796,1366,4,0,-4.9644303
0.7767615,1367,4,0,-5.5750723
0.77690107,1368,3,0,-3.690448
0.7770227,1369,3,0,-3.6882806
0.7770468,1370,3,0,-3.6841712
0.77705616,1371,4,0,-5.2672677
0.77788264,1372,4,0,-5.045172
0.77792513,1373,4,0,-5.2960424
0.77793306,1374,4,0,-5.246035
0.778456,1375,4,0,-5.2046146
0.77849233,1376,4,0,-5.1430182
0.77857816,1377,4,0,-6.053254
0.7785917,1378,4,0,-5.293177
0.7786311,1379,3,0,-3.326328
0.77865654,1380,3,0,-3.3493211
0.7786739,1381,3,0,-3.3329918
0.7788443,1382,4,0,-4.89068
0.779046,1383,4,0,-5.080703
0.7793653,1384,4,0,-5.1980495
0.7794549,1385,4,0,-5.199825
0.7797113,1386,4,0,-5.171867
0.7797932,1387,4,0,-4.9315777
0.7800865,1388,4,0,-5.2719364
0.7801522,1389,4,0,-4.8126616
0.7802347,1390,4,0,-4.340828
0.7803467,1391,4,0,-4.8018126
0.7804692,1392,4,0,-5.310454
0.7810261,1393,4,0,-4.7379427
0.7819026,1394,4,0,-5.0408893
0.78217113,1395,4,0,-4.810187
0.78267646,1396,4,0,-5.0921054
0.7829133,1397,4,0,-5.0597343
0.7833624,1398,4,0,-5.2742634
0.7836153,1399,4,0,-4.866815
0.78369504,1400,4,0,-4.866784
0.78397435,1401,4,0,-5.04373
0.78403646,1402,4,0,-4.6826606
0.78404695,1403,4,0,-5.8079467
0.78410834,1404,4,0,-4.3048315
0.78421295,1405,4,0,-4.6952844
0.7842549,1406,4,0,-6.1906304
0.78431004,1407,4,0,-4.830563
0.7843868,1408,4,0,-5.1101007
0.7844148,1409,4,0,-4.803948
0.78447556,1410,4,0,-5.030464
0.78451055,1411,4,0,-4.8028774
0.7846747,1412,4,0,-5.0845656
0.7848957,1413,4,0,-5.0739017
0.7849333,1414,4,0,-5.7328086
0.7852756,1415,4,0,-4.7637706
0.78531593,1416,4,0,-4.7950835
0.78533745,1417,4,0,-4.756136
0.7855001,1418,4,0,-4.8647213
0.7855254,1419,4,0,-4.972301
0.78557557,1420,4,0,-5.052228
0.78569514,1421,4,0,-4.593983
0.78583103,1422,4,0,-5.0748467
0.78596276,1423,4,0,-5.2984414
0.7859749,1424,4,0,-4.944316
0.78603464,1425,4,0,-5.07242
0.7861807,1426,4,0,-4.6712017
0.7863325,1427,4,0,-4.8144383
0.7866953,1428,4,0,-5.639628
0.7867127,1429,4,0,-4.950655
0.786718,1430,4,0,-4.6728044
0.78683066,1431,4,0,-5.5413866
0.78688455,1432,4,0,-4.5257373
0.7870615,1433,4,0,-5.6802835
0.7871101,1434,4,0,-4.7702127
0.7872857,1435,4,0,-4.884527
0.7877634,1436,4,0,-5.1807323
0.78784543,1437,4,0,-5.4531884
0.78823817,1438,4,0,-4.472964
0.78831375,1439,4,0,-5.8340364
0.78840256,1440,4,0,-4.471209
0.7885359,1441,4,0,-4.452766
0.78909796,1442,4,0,-4.542903
0.7891739,1443,4,0,-5.786323
0.7893781,1444,4,0,-4.5026956
0.78947645,1445,4,0,-4.828251
0.78953236,1446,4,0,-5.5270486
0.7896478,1447,4,0,-5.4959416
0.7897158,1448,4,0,-4.214013
0.7898889,1449,4,0,-5.679982
0.79012936,1450,4,0,-4.8006735
0.790473,1451,6,0,-7.010947
0.790859,1452,4,0,-4.475908
0.7914837,1453,4,0,-4.4852047
0.79174024,1454,4,0,-5.6845164
0.7920673,1455,4,0,-4.728434
0.7921308,1456,4,0,-4.674078
0.7921571,1457,4,0,-4.470672
0.7927376,1458,4,0,-4.7485385
0.7929432,1459,4,0,-4.876807
0.7936506,1460,4,0,-4.4570723
0.7945148,1461,4,0,-4.3771605
0.7947143,1462,4,0,-5.218481
0.79474664,1463,4,0,-5.7264113
0.79495126,1464,4,0,-4.733581
0.79562503,1465,4,0,-5.187164
0.7957713,1466,4,0,-4.090785
0.7958886,1467,4,0,-5.159304
0.79620606,1468,4,0,-4.099221
0.7965237,1469,4,0,-4.471729
0.79668474,1470,4,0,-4.8321576
0.79670876,1471,4,0,-5.046171
0.7968255,1472,4,0,-4.2982817
0.7970988,1473,4,0,-5.232495
0.7972874,1474,4,0,-4.986945
0.79734963,1475,4,0,-5.220757
0.7974691,1476,4,0,-4.035564
0.7975252,1477,4,0,-4.744419
0.7978113,1478,4,0,-4.452671
0.7978638,1479,4,0,-4.051833
0.7981288,1480,4,0,-4.2798595
0.7982471,1481,4,0,-4.8500633
0.7982648,1482,4,0,-4.3113265
0.7983915,1483,4,0,-4.076661
0.79868144,1484,4,0,-4.1171393
0.7989178,1485,4,0,-5.4696417
0.7992243,1486,4,0,-5.4562044
0.79952776,1487,4,0,-4.761999
0.79986477,1488,4,0,-4.6985035
0.7999284,1489,4,0,-5.4060345
0.79996425,1490,4,0,-4.5511003
0.7999764,1491,4,0,-4.548684
0.800214,1492,4,0,-4.4073696
0.8004159,1493,4,0,-4.9299474
0.80069816,1494,4,0,-4.4273334
0.80088437,1495,4,0,-4.0885024
0.80103356,1496,4,0,-4.059418
0.8012599,1497,4,0,-3.9592562
0.8015096,1498,4,0,-4.4077277
0.80160666,1499,4,0,-4.421588
0.8016322,1500,4,0,-3.9659111
0.8016882,1501,4,0,-3.9673135
0.80251247,1502,4,0,-4.3868327
0.8031705,1503,4,0,-4.358994
0.8034694,1504,4,0,-4.339436
0.8036112,1505,4,0,-4.673616
0.80622977,1507,4,0,-4.5333133
0.8069403,1508,4,0,-4.3537416
0.8073258,1509,4,0,-4.4793143
0.8073349,1510,4,0,-4.3921556
0.8074102,1511,4,0,-5.626878
0.8074383,1512,4,0,-4.4513083
0.80744165,1513,4,0,-4.4500165
0.80918014,1514,4,0,-5.346509
0.8099724,1515,4,0,-5.5443645
0.8101859,1516,4,0,-5.5233483
0.81053466,1517,4,0,-5.4819255